Sector,Residents,Slow residents,Unmeasured residents,Slow share %,Stressed tiles,Road delay veh-h,Busy & slow sites,Down Mbps,Priority score,Main driver,Recommended action,Tier
Kinyinya,148264.44913911296,7286.551952891939,65684.84573860218,4.914564479348075,3.0,316496.03482052183,0.0,33.260971234691674,90.82929782082324,slow_pop,Add radio capacity / new sites where many residents are below the broadband threshold · measure first: >30% of residents have no test,High
Kimihurura,20695.808479270905,2556.062464739677,2353.670677909072,12.35062871450444,1.0,205165.0416023977,0.0,62.075438739726735,89.50968523002422,slow_pop,Add radio capacity / new sites where many residents are below the broadband threshold,High
Kigali,72766.85333603107,4144.893224114107,57354.39940163435,5.696128160129925,1.0,166813.48920048415,0.0,17.325328549194822,89.38861985472155,slow_pop,Add radio capacity / new sites where many residents are below the broadband threshold · measure first: >30% of residents have no test,High
Kacyiru,33128.29908134242,4433.976497816855,4712.710439293736,13.384256423578455,1.0,26997.121912703107,0.0,38.58273869162763,89.17070217917676,slow_pop,Add radio capacity / new sites where many residents are below the broadband threshold,High
Musanze,46513.425904299926,1347.053437616127,41967.98545055465,2.8960529383229088,1.0,117505.39210941747,0.0,9.905326376418483,85.90193704600483,slow_pop,Add radio capacity / new sites where many residents are below the broadband threshold · measure first: >30% of residents have no test,High
Masaka,82691.39296603792,3748.0681817637287,68641.83481895337,4.532597707361264,1.0,5078.841016426591,0.0,20.733014010997266,85.39346246973365,slow_pop,Add radio capacity / new sites where many residents are below the broadband threshold · measure first: >30% of residents have no test,High
Nyamata,92565.32463785211,3132.86808290769,79216.85659912555,3.3844942424871993,1.0,5123.491357464028,0.0,18.621401393598667,84.78813559322033,slow_pop,Add radio capacity / new sites where many residents are below the broadband threshold · measure first: >30% of residents have no test,High
Ndera,100413.42028762362,1507.4371380013204,81008.00196211116,1.5012307455352343,1.0,164419.62337140838,0.0,29.15579713239547,84.7639225181598,slow_pop,Add radio capacity / new sites where many residents are below the broadband threshold · measure first: >30% of residents have no test,High
Kanombe,69398.79033906257,4588.0875203143005,42643.05804356082,6.611192353495243,0.0,29563.134475704734,0.0,32.08482056424368,81.4043583535109,slow_pop,Add radio capacity / new sites where many residents are below the broadband threshold · measure first: >30% of residents have no test,High
Bigogwe,37424.52435323518,2897.233980321417,32692.55760911742,7.741538550966151,0.0,92199.67145850766,0.0,1.6439358821107346,81.38014527845037,slow_pop,Add radio capacity / new sites where many residents are below the broadband threshold · measure first: >30% of residents have no test,High
Nyagatare,94521.26321848335,6784.5012870041355,83906.6311479789,7.177751392638441,0.0,14582.733580579492,0.0,5.9297090457679165,81.01694915254238,slow_pop,Add radio capacity / new sites where many residents are below the broadband threshold · measure first: >30% of residents have no test,High
Jali,52670.76600740299,3253.0885903750113,47534.50347796174,6.176269754493001,0.0,17529.54391145469,0.0,7.436805969009118,79.80629539951575,slow_pop,Add radio capacity / new sites where many residents are below the broadband threshold · measure first: >30% of residents have no test,High
Kagano,40572.58670518245,2723.1927249108567,37849.39398027159,6.711903149529817,0.0,13889.356920677812,0.0,5.836,79.3220338983051,slow_pop,Add radio capacity / new sites where many residents are below the broadband threshold · measure first: >30% of residents have no test,High
Gikondo,29416.36737384461,11076.71376376387,10333.796458760926,37.65493414939013,1.0,0.0,0.0,10.99384705358889,79.12227602905568,slow_pop,Add radio capacity / new sites where many residents are below the broadband threshold · measure first: >30% of residents have no test,High
Mukarange (2),59056.1981593866,4633.637081476334,50373.80235507102,7.846148627736964,0.0,3862.3397410495463,0.0,5.404585213997829,79.00726392251816,slow_pop,Add radio capacity / new sites where many residents are below the broadband threshold · measure first: >30% of residents have no test,High
Muhoza,85173.05924758063,10058.040545599468,56814.76433213262,11.808945967718271,1.0,0.0,0.0,15.506913228357574,78.7590799031477,slow_pop,Add radio capacity / new sites where many residents are below the broadband threshold · measure first: >30% of residents have no test,High
Mayange,72956.21269640623,4677.471213240718,66191.57704095864,6.411340501877678,0.0,1785.590834813445,0.0,5.012433479384498,78.25665859564165,slow_pop,Add radio capacity / new sites where many residents are below the broadband threshold · measure first: >30% of residents have no test,High
Gahanga,84591.29573825617,6671.394841926183,67846.98925816981,7.88662093859979,1.0,0.0,0.0,11.338615593597789,78.12953995157385,slow_pop,Add radio capacity / new sites where many residents are below the broadband threshold · measure first: >30% of residents have no test,High
Nyarugenge (1),27534.52168950392,3922.0416974607747,0.0,14.244088717748983,2.0,0.0,0.0,36.933243252728836,77.99636803874093,slow_pop,Add radio capacity / new sites where many residents are below the broadband threshold,High
Jabana,72943.0867911942,4828.241341022282,61607.64106633781,6.619189773039813,1.0,0.0,0.0,12.237583975263414,77.66949152542372,slow_pop,Add radio capacity / new sites where many residents are below the broadband threshold · measure first: >30% of residents have no test,High
Ngororero,42321.18193696176,1060.040755106351,40448.00078491749,2.504752246015489,0.0,88225.05142568698,0.0,16.14200218320476,77.5544794188862,slow_pop,Add radio capacity / new sites where many residents are below the broadband threshold · measure first: >30% of residents have no test,High
Mwogo,33595.798363764414,1056.2459433309598,28974.681345883593,3.143982267943959,0.0,29003.496045626976,0.0,11.599056472564467,77.23970944309929,slow_pop,Add radio capacity / new sites where many residents are below the broadband threshold · measure first: >30% of residents have no test,High
Rusororo,68952.16061564485,1747.794431694994,63100.94144469779,2.534792842007665,0.0,17831.689366565814,0.0,30.303643173028927,77.23970944309929,slow_pop,Add radio capacity / new sites where many residents are below the broadband threshold · measure first: >30% of residents have no test,High
Bumbogo,122038.51515350267,4507.66112273193,101841.51432873063,3.693638124867462,1.0,0.0,0.0,23.848258342382398,76.45883777239709,slow_pop,Add radio capacity / new sites where many residents are below the broadband threshold · measure first: >30% of residents have no test,High
Ngoma (2),36174.36705358075,962.6335850865622,30469.357696467523,2.6610930984935512,0.0,20746.90768681149,0.0,40.60686239616108,76.27118644067797,slow_pop,Add radio capacity / new sites where many residents are below the broadband threshold · measure first: >30% of residents have no test,High
Runda,77283.32583027499,3035.202100682217,60900.01930729263,3.9273699314493085,2.0,0.0,0.0,18.988103559783482,76.18038740920097,slow_pop,Add radio capacity / new sites where many residents are below the broadband threshold · measure first: >30% of residents have no test,High
Kamembe,38051.338247175554,2431.8800499656713,28529.934957859576,6.39104999190451,1.0,0.0,0.0,20.291713155157666,75.99878934624697,slow_pop,Add radio capacity / new sites where many residents are below the broadband threshold · measure first: >30% of residents have no test,High
Remera (1),41501.93207236843,2118.411622146652,5914.880513469053,5.104368679638097,2.0,0.0,0.0,47.36062581929087,75.64769975786926,slow_pop,Add radio capacity / new sites where many residents are below the broadband threshold,High
Muyumbu,60123.63656322875,1705.6931944200899,48521.8328846929,2.836976091135648,0.0,4837.157093434102,0.0,20.320943804515522,75.61743341404359,slow_pop,Add radio capacity / new sites where many residents are below the broadband threshold · measure first: >30% of residents have no test,High
Rweru,63446.92315611776,2283.832762596404,61163.09039352136,3.5995957707465114,0.0,14.043803348635752,0.0,0.41348103722577095,74.84261501210653,slow_pop,Add radio capacity / new sites where many residents are below the broadband threshold · measure first: >30% of residents have no test,High
Gisenyi,64100.24609032605,2088.247265775639,46201.692799285694,3.2577835392909593,0.0,0.0,1.0,59.29652340082688,74.54600484261502,slow_pop,Add radio capacity / new sites where many residents are below the broadband threshold · measure first: >30% of residents have no test,High
Ruhango (1),81362.6635892562,894.5446686499387,79309.02054662978,1.099453519818225,0.0,22606.246119214236,0.0,9.57842866624371,74.47941888619856,slow_pop,Add radio capacity / new sites where many residents are below the broadband threshold · measure first: >30% of residents have no test,High
Gacurabwenge,43135.16469531649,722.5530174268822,42412.6116778896,1.6750904338272647,0.0,22642.32510519501,0.0,8.483,74.47941888619854,slow_pop,Add radio capacity / new sites where many residents are below the broadband threshold · measure first: >30% of residents have no test,High
Mageregere,61685.52207347486,519.1881669377339,60557.05269206278,0.8416694055362268,0.0,165147.8945746785,0.0,7.981040946745942,73.84987893462471,slow_pop,Add radio capacity / new sites where many residents are below the broadband threshold · measure first: >30% of residents have no test,High
Kinoni,20424.801833714737,230.81785480161307,20193.983978913126,1.1300861407654272,0.0,56267.40022956245,0.0,0.842,72.27602905569007,slow_pop,Add radio capacity / new sites where many residents are below the broadband threshold · measure first: >30% of residents have no test,High
Muhazi,54840.72629847849,577.4103985839466,50816.81907420999,1.0528861259810967,0.0,13278.360330187297,0.0,42.540790583944684,72.27602905569007,slow_pop,Add radio capacity / new sites where many residents are below the broadband threshold · measure first: >30% of residents have no test,High
Ngeruka,39455.355976420615,841.6797921326745,37898.95656687851,2.1332459720694974,0.0,178.99924527122758,0.0,12.47229150338059,71.81598062953995,slow_pop,Add radio capacity / new sites where many residents are below the broadband threshold · measure first: >30% of residents have no test,High
Gitoki,48396.6683443204,417.45197850313485,47979.216365817265,0.8625634631151734,0.0,18803.769329269617,0.0,0.711,71.79176755447942,slow_pop,Add radio capacity / new sites where many residents are below the broadband threshold · measure first: >30% of residents have no test,High
Kagarama,31589.693915935677,745.265766382361,16835.677393638172,2.3592054052996243,1.0,0.0,0.0,43.351640014790846,71.76150121065375,slow_pop,Add radio capacity / new sites where many residents are below the broadband threshold · measure first: >30% of residents have no test,High
Gahini,54688.41517814162,840.7646620631009,52715.240672121916,1.5373725117548214,0.0,1393.4297814245201,0.0,14.886801206850286,71.74334140435836,slow_pop,Add radio capacity / new sites where many residents are below the broadband threshold · measure first: >30% of residents have no test,High
Nyakaliro,40858.76708955056,803.6771383752131,39158.04986539947,1.9669637525131047,0.0,572.2556479181983,0.0,13.967589017257836,71.64648910411623,slow_pop,Add radio capacity / new sites where many residents are below the broadband threshold · measure first: >30% of residents have no test,High
Gihundwe,42269.19503823598,6799.277743893082,33635.700348910774,16.085657031657625,0.0,0.0,0.0,6.6003727196567334,71.30750605326878,slow_pop,Add radio capacity / new sites where many residents are below the broadband threshold · measure first: >30% of residents have no test,High
Gisozi,92027.40606444652,8987.176679544038,22826.553983765338,9.765761161680842,0.0,0.0,0.0,22.66292007932108,71.21065375302663,slow_pop,Add radio capacity / new sites where many residents are below the broadband threshold,High
Kigarama (2),40407.80450779371,459.2037463934195,39325.5389589466,1.1364234013378527,0.0,6331.244030279506,0.0,75.93311654080055,71.08958837772397,slow_pop,Add radio capacity / new sites where many residents are below the broadband threshold · measure first: >30% of residents have no test,High
Nyamirambo,70594.65402427866,6671.672020896645,26141.406784675106,9.450675993967119,0.0,0.0,0.0,32.76756094993572,70.87167070217919,slow_pop,Add radio capacity / new sites where many residents are below the broadband threshold · measure first: >30% of residents have no test,High
Musha (2),29022.13813260737,402.10002400582016,28497.69707532815,1.3854941430178327,0.0,5808.611983277084,0.0,7.078589834561843,70.75060532687651,slow_pop,Add radio capacity / new sites where many residents are below the broadband threshold · measure first: >30% of residents have no test,High
Mutenderi,25785.961348644792,556.6979555452165,24909.117865990258,2.158918754349542,0.0,279.4429789210146,0.0,17.409819757876875,70.72639225181598,slow_pop,Add radio capacity / new sites where many residents are below the broadband threshold · measure first: >30% of residents have no test,High
Kimironko,71438.19871486243,5726.381074069968,28022.16970068044,8.015853110919238,0.0,0.0,0.0,42.804623553032684,70.67796610169492,slow_pop,Add radio capacity / new sites where many residents are below the broadband threshold · measure first: >30% of residents have no test,High
Musenyi,45839.38433118092,598.9562025661163,44018.36900076071,1.3066410278086864,0.0,1124.7237381252987,0.0,19.306469184619523,70.31476997578693,slow_pop,Add radio capacity / new sites where many residents are below the broadband threshold · measure first: >30% of residents have no test,High
Mareba,32825.585309066395,402.80595229330527,31794.442125177924,1.2271097331569916,0.0,3868.016942997315,0.0,20.27858910985581,70.24213075060533,slow_pop,Add radio capacity / new sites where many residents are below the broadband threshold · measure first: >30% of residents have no test,High
Nduba,78821.6022254217,4888.467680461065,69492.53123239365,6.201938989365567,0.0,0.0,0.0,13.140775504239723,70.0726392251816,slow_pop,Add radio capacity / new sites where many residents are below the broadband threshold · measure first: >30% of residents have no test,High
Kiramuruzi,41090.02818700211,493.24424736408855,38052.98356960984,1.200398902427901,0.0,1774.7858564297078,0.0,31.108269787707957,70.0,slow_pop,Add radio capacity / new sites where many residents are below the broadband threshold · measure first: >30% of residents have no test,High
Kicukiro,14106.805783896129,2928.0434678747024,2928.0434678747024,20.756247110293824,0.0,0.0,0.0,35.805553344212264,69.83050847457628,slow_pop,Add radio capacity / new sites where many residents are below the broadband threshold,High
Kigabiro,53427.326390697395,3400.6064450292797,39799.87167127397,6.3649197419345,0.0,0.0,0.0,34.35618317539705,69.3220338983051,slow_pop,Add radio capacity / new sites where many residents are below the broadband threshold · measure first: >30% of residents have no test,High
Kabarore,80466.13312908524,4058.9768367897186,72821.90307125529,5.044329432704606,0.0,0.0,0.0,11.956092164347224,69.15254237288136,slow_pop,Add radio capacity / new sites where many residents are below the broadband threshold · measure first: >30% of residents have no test,High
Nyamirama,42362.55054018028,294.1664977613755,40816.124681623725,0.6944022350173717,0.0,4221.224337429014,0.0,68.29682316366976,69.00726392251815,slow_pop,Add radio capacity / new sites where many residents are below the broadband threshold · measure first: >30% of residents have no test,High
Nyamabuye,62668.68314523241,3003.0340282346106,50120.049538596606,4.791921383245261,0.0,0.0,0.0,28.88941956929792,68.54721549636804,slow_pop,Add radio capacity / new sites where many residents are below the broadband threshold · measure first: >30% of residents have no test,High
Mugesera,35263.59470942011,375.8264699986962,34510.53006196023,1.0657633548014325,0.0,326.7466072847376,0.0,19.405652866569014,68.54721549636804,slow_pop,Add radio capacity / new sites where many residents are below the broadband threshold · measure first: >30% of residents have no test,High
Tumba (1),37861.25547859982,2253.6294704029965,32295.546716184468,5.952336872919619,0.0,0.0,0.0,12.204818123813714,68.23244552058112,slow_pop,Add radio capacity / new sites where many residents are below the broadband threshold · measure first: >30% of residents have no test,High
Murama (2),29699.344760980784,171.872348927106,29527.472412053678,0.5787075449318099,0.0,5543.669409694643,0.0,8.066,68.15980629539952,slow_pop,Add radio capacity / new sites where many residents are below the broadband threshold · measure first: >30% of residents have no test,High
Rugarika,63767.525333115474,2603.14188446803,58489.8654094256,4.082237582326529,0.0,0.0,0.0,10.615498917402716,68.11138014527845,slow_pop,Add radio capacity / new sites where many residents are below the broadband threshold · measure first: >30% of residents have no test,High
Busogo,28124.44612774905,1673.125524275382,23743.36097223999,5.949007908193395,0.0,0.0,0.0,65.83088882820611,67.74818401937046,slow_pop,Add radio capacity / new sites where many residents are below the broadband threshold · measure first: >30% of residents have no test,High
Rugerero,75977.33816409169,2552.2532736157864,61894.12478755161,3.359229653589034,0.0,0.0,0.0,17.47851883768259,67.57869249394673,slow_pop,Add radio capacity / new sites where many residents are below the broadband threshold · measure first: >30% of residents have no test,High
Rugarama (1),28706.254484393776,1574.9706865071114,27131.283797886666,5.4865070863332175,0.0,0.0,0.0,1.5220252726488837,67.57869249394673,slow_pop,Add radio capacity / new sites where many residents are below the broadband threshold · measure first: >30% of residents have no test,High
Cyuve,65038.23984929555,2146.7595328787475,57803.2391139972,3.3007651158044062,0.0,0.0,0.0,14.78930680094256,67.23970944309929,slow_pop,Add radio capacity / new sites where many residents are below the broadband threshold · measure first: >30% of residents have no test,High
Fumbwe,34887.04568160893,1279.7288554776264,29628.18913381983,3.668206437303027,0.0,0.0,0.0,37.584559073163355,66.73123486682809,slow_pop,Add radio capacity / new sites where many residents are below the broadband threshold · measure first: >30% of residents have no test,High
Ntarama,50730.98014471888,1559.0293604779895,42859.77396511644,3.0731307694639236,0.0,0.0,0.0,20.572521220402383,66.48910411622276,slow_pop,Add radio capacity / new sites where many residents are below the broadband threshold · measure first: >30% of residents have no test,High
Rwimbogo (1),24601.34475829469,1031.587486252451,23569.757272042243,4.193215844042983,0.0,0.0,0.0,9.074,66.41646489104117,slow_pop,Add radio capacity / new sites where many residents are below the broadband threshold · measure first: >30% of residents have no test,High
Kibungo,33333.26029587939,1178.9273824922248,27544.873308211678,3.536789897020551,0.0,0.0,0.0,20.811834949311887,66.34382566585955,slow_pop,Add radio capacity / new sites where many residents are below the broadband threshold · measure first: >30% of residents have no test,High
Nyarugunga,58708.137421006584,1541.7477661074897,35726.67398852717,2.6261227724724767,0.0,0.0,0.0,50.14192820544817,66.17433414043585,slow_pop,Add radio capacity / new sites where many residents are below the broadband threshold · measure first: >30% of residents have no test,High
Gishali,42394.54359636776,1261.796109381884,37286.722643622714,2.9763172388297416,0.0,0.0,0.0,16.883640419761868,66.07748184019371,slow_pop,Add radio capacity / new sites where many residents are below the broadband threshold · measure first: >30% of residents have no test,High
Mwulire,38986.2679771625,1222.919982599798,34632.163149236316,3.1367967390881426,0.0,0.0,0.0,22.584170710629344,66.02905569007265,slow_pop,Add radio capacity / new sites where many residents are below the broadband threshold · measure first: >30% of residents have no test,High
Tabagwe,55771.600619939585,1240.689432403535,53736.12169852588,2.224589968034665,0.0,0.0,0.0,12.02937129671466,65.4721549636804,slow_pop,Add radio capacity / new sites where many residents are below the broadband threshold · measure first: >30% of residents have no test,High
Kibangu,22284.1984097906,757.5639365811141,21526.634473209488,3.3995565945431414,0.0,0.0,0.0,7.684755061165922,65.27845036319613,slow_pop,Add radio capacity / new sites where many residents are below the broadband threshold · measure first: >30% of residents have no test,High
Rilima,46049.01511594404,30.512246477750114,44087.87499794682,0.06626036713472626,0.0,357.3397608489473,0.0,37.49967208587826,65.15738498789347,slow_pop,Add radio capacity / new sites where many residents are below the broadband threshold · measure first: >30% of residents have no test,High
Gacaca,34299.21550755382,859.8435933945989,33439.37191415923,2.506889970137168,0.0,0.0,0.0,1.879609810933175,65.06053268765135,slow_pop,Add radio capacity / new sites where many residents are below the broadband threshold · measure first: >30% of residents have no test,High
Kabarondo,41024.50149895874,941.7381672854235,32993.56072654654,2.2955505438849175,0.0,0.0,0.0,40.408111435674876,65.01210653753026,slow_pop,Add radio capacity / new sites where many residents are below the broadband threshold · measure first: >30% of residents have no test,High
Rushashi,21918.921096441783,694.9928248318236,21223.928271609962,3.1707437687005746,0.0,0.0,0.0,4.80116398653096,64.81840193704602,slow_pop,Add radio capacity / new sites where many residents are below the broadband threshold · measure first: >30% of residents have no test,High
Cyeza,40063.61357630646,853.07516534541,39210.538410961046,2.129301601116473,0.0,0.0,0.0,8.967,64.55205811138015,slow_pop,Add radio capacity / new sites where many residents are below the broadband threshold · measure first: >30% of residents have no test,High
Kinazi (2),56618.18062350206,850.5017414502933,55767.678882051776,1.5021707375338234,0.0,0.0,0.0,1.118,63.80145278450363,slow_pop,Add radio capacity / new sites where many residents are below the broadband threshold · measure first: >30% of residents have no test,High
Rukomo (1),30558.0040674798,654.5415343243606,29354.06609752313,2.1419642882400542,0.0,0.0,0.0,14.053768425949428,63.77723970944311,slow_pop,Add radio capacity / new sites where many residents are below the broadband threshold · measure first: >30% of residents have no test,High
Ruhuha,33083.73932435675,691.9062240409078,26541.645221237806,2.0913785387358437,0.0,0.0,0.0,70.41569516976429,63.72881355932204,slow_pop,Add radio capacity / new sites where many residents are below the broadband threshold · measure first: >30% of residents have no test,High
Nyamyumba,50515.112473390676,836.5910122768669,47011.59925416167,1.6561202604815524,0.0,0.0,0.0,41.76846528368104,63.72881355932204,slow_pop,Add radio capacity / new sites where many residents are below the broadband threshold · measure first: >30% of residents have no test,Medium
Munyaga,22161.770119549008,536.6135803596321,20812.3034986524,2.421348012658441,0.0,0.0,0.0,12.596446205945064,63.438256658595655,slow_pop,Add radio capacity / new sites where many residents are below the broadband threshold · measure first: >30% of residents have no test,Medium
Gahengeri,39363.19050405474,684.1427067031143,35198.68636062134,1.738026562233673,0.0,0.0,0.0,32.54540120548996,63.365617433414045,slow_pop,Add radio capacity / new sites where many residents are below the broadband threshold · measure first: >30% of residents have no test,Medium
Musaza,33281.35719062492,603.0654211659102,31724.705417087607,1.8120217204837687,0.0,0.0,0.0,25.10168586861351,63.22033898305085,slow_pop,Add radio capacity / new sites where many residents are below the broadband threshold · measure first: >30% of residents have no test,Medium
Nasho,35800.8003602884,620.3935482768071,32467.89136145205,1.7329041307271196,0.0,0.0,0.0,35.22304659812593,63.09927360774819,slow_pop,Add radio capacity / new sites where many residents are below the broadband threshold · measure first: >30% of residents have no test,Medium
Karenge,30659.394439050622,562.4629641294076,27949.907397317467,1.8345534033542525,0.0,0.0,0.0,13.98916449377776,63.05084745762712,slow_pop,Add radio capacity / new sites where many residents are below the broadband threshold · measure first: >30% of residents have no test,Medium
Ngarama,41692.742376282215,631.6978817292359,40604.1407439407,1.5151267240424808,0.0,0.0,0.0,3.7330308440564197,62.978208232445525,slow_pop,Add radio capacity / new sites where many residents are below the broadband threshold · measure first: >30% of residents have no test,Medium
Shyira,24734.25758462945,522.4600067006104,24211.79757792884,2.1122930612046407,0.0,0.0,0.0,4.133,62.978208232445525,slow_pop,Add radio capacity / new sites where many residents are below the broadband threshold · measure first: >30% of residents have no test,Medium
Nemba (1),18986.368981646217,330.2545611255455,18656.114420520673,1.7394298059033646,0.0,0.0,0.0,1.704,61.81598062953996,slow_pop,Add radio capacity / new sites where many residents are below the broadband threshold · measure first: >30% of residents have no test,Medium
Mataba,17548.416631103304,308.21686354658505,17240.199767556715,1.7563799060953047,0.0,0.0,0.0,3.345,61.719128329297824,slow_pop,Add radio capacity / new sites where many residents are below the broadband threshold · measure first: >30% of residents have no test,Medium
Kibeho,29124.73717146056,411.7979415327667,28601.520253674866,1.4139112710561696,0.0,0.0,0.0,8.293218289714938,61.694915254237294,slow_pop,Add radio capacity / new sites where many residents are below the broadband threshold · measure first: >30% of residents have no test,Medium
Kanjongo,41031.456676987546,422.56449602567363,40186.32603897173,1.029854970424846,0.0,0.0,0.0,9.093003307000767,61.30750605326877,slow_pop,Add radio capacity / new sites where many residents are below the broadband threshold · measure first: >30% of residents have no test,Medium
Rwimbogo (2),54804.02618646421,435.5675572815664,53697.5614609839,0.7947729164999655,0.0,0.0,0.0,11.990672461862703,60.992736077481844,slow_pop,Add radio capacity / new sites where many residents are below the broadband threshold · measure first: >30% of residents have no test,Medium
Ngamba,17578.205682637483,256.242064231371,17321.96361840611,1.457725941189031,0.0,0.0,0.0,8.627,60.944309927360784,slow_pop,Add radio capacity / new sites where many residents are below the broadband threshold · measure first: >30% of residents have no test,Medium
Mudende,34013.00878860474,342.61431581863127,33670.39447278611,1.0073037582415119,0.0,0.0,0.0,9.292,60.77481840193705,slow_pop,Add radio capacity / new sites where many residents are below the broadband threshold · measure first: >30% of residents have no test,Medium
Kazo,35648.77429205415,320.5104584754523,34722.21486375829,0.8990784812113211,0.0,0.0,0.0,50.5220404013089,60.53268765133172,slow_pop,Add radio capacity / new sites where many residents are below the broadband threshold · measure first: >30% of residents have no test,Medium
Gakenke,26993.699541120426,276.0941409708774,26717.605400149547,1.0228095654331995,0.0,0.0,0.0,8.122,60.46004842615013,slow_pop,Add radio capacity / new sites where many residents are below the broadband threshold · measure first: >30% of residents have no test,Medium
Kivuruga,21944.767836450104,226.5889051286707,21718.178931321436,1.0325418196145513,0.0,0.0,0.0,6.417,60.04842615012107,slow_pop,Add radio capacity / new sites where many residents are below the broadband threshold · measure first: >30% of residents have no test,Medium
Muhura,36970.49320747629,271.83193662361185,35897.05533911701,0.7352672713834424,0.0,0.0,0.0,16.83091261131697,59.95157384987894,slow_pop,Add radio capacity / new sites where many residents are below the broadband threshold · measure first: >30% of residents have no test,Medium
Ruheru,29308.49284436339,234.921628799129,29073.57121556426,0.8015479678420554,0.0,0.0,0.0,6.234,59.878934624697344,slow_pop,Add radio capacity / new sites where many residents are below the broadband threshold · measure first: >30% of residents have no test,Medium
Gihombo,29522.487213572364,232.31114335972688,29290.176070212638,0.786895567704494,0.0,0.0,0.0,3.634,59.709443099273614,slow_pop,Add radio capacity / new sites where many residents are below the broadband threshold · measure first: >30% of residents have no test,Medium
Rurenge,38034.339465594756,255.4795569222809,36074.40697086631,0.6717076213546013,0.0,0.0,0.0,39.11675228092071,59.709443099273614,slow_pop,Add radio capacity / new sites where many residents are below the broadband threshold · measure first: >30% of residents have no test,Medium
Nzige,20876.402588547688,198.0859425474961,20065.352036799042,0.9488509416663647,0.0,0.0,0.0,17.029856254729687,59.709443099273614,slow_pop,Add radio capacity / new sites where many residents are below the broadband threshold · measure first: >30% of residents have no test,Medium
Niboye,32367.67793958494,0.0,9500.762466289694,0.0,1.0,158790.45671675235,0.0,38.17217396832331,59.48547215496369,road_delay,"Traffic management: junction/signal re-timing, bus priority, route guidance on delayed corridors",Medium
Nyange (2),35060.318986188555,225.48251965479352,33135.95968071986,0.6431274049264033,0.0,0.0,0.0,25.60457799061676,59.29782082324456,slow_pop,Add radio capacity / new sites where many residents are below the broadband threshold · measure first: >30% of residents have no test,Medium
Mururu,42873.32289916046,185.72937213924374,42459.09762065105,0.4332049852447538,0.0,0.0,0.0,14.237391485128134,58.958837772397096,slow_pop,Add radio capacity / new sites where many residents are below the broadband threshold · measure first: >30% of residents have no test,Medium
Jarama,32824.22052609342,155.39375270270924,29319.024054349702,0.4734118593286317,0.0,0.0,0.0,43.09592588569427,58.83777239709444,slow_pop,Add radio capacity / new sites where many residents are below the broadband threshold · measure first: >30% of residents have no test,Medium
Gahara,49483.371822511275,178.17725573956213,48088.435522286316,0.3600750093963982,0.0,0.0,0.0,43.194564739535,58.78934624697337,slow_pop,Add radio capacity / new sites where many residents are below the broadband threshold · measure first: >30% of residents have no test,Medium
Zaza,34145.69842067105,155.17677826887123,31197.755573963266,0.4544548374940565,0.0,0.0,0.0,54.74820376331716,58.71670702179177,slow_pop,Add radio capacity / new sites where many residents are below the broadband threshold · measure first: >30% of residents have no test,Medium
Gatore,33082.086346372205,115.43826276620744,31027.99829074456,0.3489449291606315,0.0,0.0,0.0,29.998745000806373,58.40193704600485,slow_pop,Add radio capacity / new sites where many residents are below the broadband threshold · measure first: >30% of residents have no test,Medium
Murama (1),26923.331151457896,102.05867454275915,25927.033832176847,0.3790714973887348,0.0,0.0,0.0,19.132839615901382,58.401937046004846,slow_pop,Add radio capacity / new sites where many residents are below the broadband threshold · measure first: >30% of residents have no test,Medium
Musheri,41342.96273372707,103.8441895976386,41239.11854412943,0.2511774259296705,0.0,0.0,0.0,8.271,58.23244552058112,slow_pop,Add radio capacity / new sites where many residents are below the broadband threshold · measure first: >30% of residents have no test,Medium
Kamabuye,25620.197671801747,90.91562907752086,25529.282042724222,0.3548592022675335,0.0,0.0,0.0,3.835,58.15980629539952,slow_pop,Add radio capacity / new sites where many residents are below the broadband threshold · measure first: >30% of residents have no test,Medium
Rukira,34491.31248665528,101.44801474955955,33631.01005812889,0.2941262811869217,0.0,0.0,0.0,15.58520396703733,58.13559322033899,slow_pop,Add radio capacity / new sites where many residents are below the broadband threshold · measure first: >30% of residents have no test,Medium
Mpanga,46743.2487303322,76.7153717462416,45248.441446021425,0.16412075290021544,0.0,0.0,0.0,61.67732526599475,57.89346246973366,slow_pop,Add radio capacity / new sites where many residents are below the broadband threshold · measure first: >30% of residents have no test,Medium
Rwinkwavu,41531.145689801975,65.32036078341206,40127.266606437166,0.1572804209912551,0.0,0.0,0.0,45.303948827154734,57.772397094431,slow_pop,Add radio capacity / new sites where many residents are below the broadband threshold · measure first: >30% of residents have no test,Medium
Nkombo,12578.533156092297,0.3375020745931797,12578.195654017702,0.0026831592396742514,0.0,0.0,0.0,7.83,57.53026634382567,slow_pop,Add radio capacity / new sites where many residents are below the broadband threshold · measure first: >30% of residents have no test,Medium
Cyanzarwe,49142.01210326444,0.0,49142.01210326443,0.0,0.0,450828.9785298087,0.0,,52.590799031477,road_delay,"Traffic management: junction/signal re-timing, bus priority, route guidance on delayed corridors · measure first: >30% of residents have no test",Medium
Mbazi (1),41821.42276522657,0.0,41218.70384374066,0.0,0.0,318326.56090713304,0.0,83.974,52.54237288135593,road_delay,"Traffic management: junction/signal re-timing, bus priority, route guidance on delayed corridors · measure first: >30% of residents have no test",Medium
Kibirizi (1),33393.839429386644,0.0,33393.839429386644,0.0,0.0,291999.5035187044,0.0,,52.445520581113804,road_delay,"Traffic management: junction/signal re-timing, bus priority, route guidance on delayed corridors · measure first: >30% of residents have no test",Medium
Rusenge,29293.325768426297,0.0,29293.325768426297,0.0,0.0,234852.61937227496,0.0,,52.39709443099274,road_delay,"Traffic management: junction/signal re-timing, bus priority, route guidance on delayed corridors · measure first: >30% of residents have no test",Medium
Musha (1),32781.17069609814,0.0,32781.17069609814,0.0,0.0,198680.51628325752,0.0,,52.300242130750604,road_delay,"Traffic management: junction/signal re-timing, bus priority, route guidance on delayed corridors · measure first: >30% of residents have no test",Medium
Kigarama (1),55859.70381103736,0.0,25709.896069527284,0.0,0.0,173527.05418925747,0.0,27.103894717877967,52.251815980629544,road_delay,"Traffic management: junction/signal re-timing, bus priority, route guidance on delayed corridors · measure first: >30% of residents have no test",Medium
Gikomero,20260.4099861358,0.0,19635.02879439032,0.0,0.0,156286.59008107503,0.0,72.0248048116535,52.00968523002422,road_delay,"Traffic management: junction/signal re-timing, bus priority, route guidance on delayed corridors · measure first: >30% of residents have no test",Medium
Kanyinya,31892.328322160727,0.0,31308.37555128919,0.0,0.0,135034.70543034025,0.0,40.83097036916298,51.96125907990315,road_delay,"Traffic management: junction/signal re-timing, bus priority, route guidance on delayed corridors · measure first: >30% of residents have no test",Medium
Gahunga,31293.148072948796,0.0,31293.148072948796,0.0,0.0,104430.58351947734,0.0,,51.86440677966102,road_delay,"Traffic management: junction/signal re-timing, bus priority, route guidance on delayed corridors · measure first: >30% of residents have no test",Medium
Gataraga,31574.465694238803,0.0,31574.4656942388,0.0,0.0,96463.17480387603,0.0,,51.81598062953995,road_delay,"Traffic management: junction/signal re-timing, bus priority, route guidance on delayed corridors · measure first: >30% of residents have no test",Medium
Jenda,44906.2755953212,0.0,44906.275595321196,0.0,0.0,85550.55890048256,0.0,,51.67070217917676,road_delay,"Traffic management: junction/signal re-timing, bus priority, route guidance on delayed corridors · measure first: >30% of residents have no test",Medium
Nkungu,23184.450679709953,0.0,23184.450679709953,0.0,0.0,73093.777843117,0.0,,51.62227602905569,road_delay,"Traffic management: junction/signal re-timing, bus priority, route guidance on delayed corridors · measure first: >30% of residents have no test",Medium
Karago,28253.746401216336,0.0,28181.18890696281,0.0,0.0,52242.89292560388,0.0,19.747,51.525423728813564,road_delay,"Traffic management: junction/signal re-timing, bus priority, route guidance on delayed corridors · measure first: >30% of residents have no test",Medium
Nkotsi,17176.11408255938,0.0,17176.11408255938,0.0,0.0,50573.8921829636,0.0,,51.47699757869249,road_delay,"Traffic management: junction/signal re-timing, bus priority, route guidance on delayed corridors · measure first: >30% of residents have no test",Medium
Gashaki,16845.328315187566,0.0,16845.328315187566,0.0,0.0,49207.94901964143,0.0,,51.42857142857143,road_delay,"Traffic management: junction/signal re-timing, bus priority, route guidance on delayed corridors · measure first: >30% of residents have no test",Medium
Kabaya,40159.78901974389,0.0,40159.78901974389,0.0,0.0,41515.704274190146,0.0,,51.380145278450364,road_delay,"Traffic management: junction/signal re-timing, bus priority, route guidance on delayed corridors · measure first: >30% of residents have no test",Medium
Rusasa,20556.642198150876,0.0,20556.642198150872,0.0,0.0,40890.40284142079,0.0,,51.3317191283293,road_delay,"Traffic management: junction/signal re-timing, bus priority, route guidance on delayed corridors · measure first: >30% of residents have no test",Medium
Ntarabana,26796.398452026424,0.0,26478.38314949122,0.0,0.0,37513.219199673986,0.0,13.591,51.28329297820824,road_delay,"Traffic management: junction/signal re-timing, bus priority, route guidance on delayed corridors · measure first: >30% of residents have no test",Medium
Bushenge,24037.129249399637,0.0,24037.129249399633,0.0,0.0,36238.40702318497,0.0,,51.23486682808716,road_delay,"Traffic management: junction/signal re-timing, bus priority, route guidance on delayed corridors · measure first: >30% of residents have no test",Medium
Muhanga,32449.037024945243,0.0,32449.037024945243,0.0,0.0,35616.10944525934,0.0,,51.186440677966104,road_delay,"Traffic management: junction/signal re-timing, bus priority, route guidance on delayed corridors · measure first: >30% of residents have no test",Medium
Nyabirasi,37233.40046776858,0.0,37233.40046776859,0.0,0.0,33630.39007354726,0.0,,51.13801452784504,road_delay,"Traffic management: junction/signal re-timing, bus priority, route guidance on delayed corridors · measure first: >30% of residents have no test",Medium
Kimonyi,24153.710264023095,0.0,23777.393353824595,0.0,0.0,31774.60094981932,0.0,10.664,51.08958837772397,road_delay,"Traffic management: junction/signal re-timing, bus priority, route guidance on delayed corridors · measure first: >30% of residents have no test",Medium
Rurembo,26496.90167416802,0.0,26496.90167416802,0.0,0.0,25402.722121682793,0.0,,50.89588377723971,road_delay,"Traffic management: junction/signal re-timing, bus priority, route guidance on delayed corridors · measure first: >30% of residents have no test",Medium
Murunda,25080.644607909937,0.0,25080.644607909933,0.0,0.0,25336.782134701516,0.0,,50.847457627118644,road_delay,"Traffic management: junction/signal re-timing, bus priority, route guidance on delayed corridors · measure first: >30% of residents have no test",Medium
Mushubati,32977.898662334985,0.0,32977.898662334985,0.0,0.0,24778.557925389377,0.0,25.039,50.79903147699758,road_delay,"Traffic management: junction/signal re-timing, bus priority, route guidance on delayed corridors · measure first: >30% of residents have no test",Medium
Gitesi,31935.25338251829,0.0,31935.253382518287,0.0,0.0,24421.51718749027,0.0,,50.75060532687651,road_delay,"Traffic management: junction/signal re-timing, bus priority, route guidance on delayed corridors · measure first: >30% of residents have no test",Medium
Kageyo (2),22331.21364053806,0.0,22331.213640538055,0.0,0.0,23502.468779492818,0.0,,50.70217917675545,road_delay,"Traffic management: junction/signal re-timing, bus priority, route guidance on delayed corridors · measure first: >30% of residents have no test",Medium
Bushekeri,34950.563857504276,0.0,34744.85609743335,0.0,0.0,22792.283749608858,0.0,28.692,50.653753026634384,road_delay,"Traffic management: junction/signal re-timing, bus priority, route guidance on delayed corridors · measure first: >30% of residents have no test",Medium
Shyrongi,46469.2641414395,0.0,44098.04578888246,0.0,0.0,21794.259007820154,0.0,27.084665145464342,50.50847457627118,road_delay,"Traffic management: junction/signal re-timing, bus priority, route guidance on delayed corridors · measure first: >30% of residents have no test",Medium
Rukomo (2),47907.591891778284,0.0,47907.591891778284,0.0,0.0,17567.67823345655,0.0,,50.31476997578693,road_delay,"Traffic management: junction/signal re-timing, bus priority, route guidance on delayed corridors · measure first: >30% of residents have no test",Medium
Mata,16618.055164731086,0.0,16618.055164731086,0.0,0.0,17329.409914434673,0.0,,50.2179176755448,road_delay,"Traffic management: junction/signal re-timing, bus priority, route guidance on delayed corridors · measure first: >30% of residents have no test",Medium
Mbuye,49823.190641204776,0.0,49823.190641204776,0.0,0.0,17264.530670419343,0.0,,50.16949152542372,road_delay,"Traffic management: junction/signal re-timing, bus priority, route guidance on delayed corridors · measure first: >30% of residents have no test",Medium
Rangiro,19120.514701981414,0.0,19120.514701981414,0.0,0.0,17233.113857433662,0.0,,50.12106537530266,road_delay,"Traffic management: junction/signal re-timing, bus priority, route guidance on delayed corridors · measure first: >30% of residents have no test",Medium
Rugendabari,19165.111866410643,0.0,19165.111866410643,0.0,0.0,16201.977890693324,0.0,,50.072639225181604,road_delay,"Traffic management: junction/signal re-timing, bus priority, route guidance on delayed corridors · measure first: >30% of residents have no test",Medium
Kibirizi (2),25722.85562550834,0.0,25722.855625508342,0.0,0.0,16004.34148743575,0.0,,50.02421307506053,road_delay,"Traffic management: junction/signal re-timing, bus priority, route guidance on delayed corridors · measure first: >30% of residents have no test",Medium
Musambira,44359.66307414026,0.0,44359.66307414027,0.0,0.0,15996.255281225061,0.0,,49.97578692493947,road_delay,"Traffic management: junction/signal re-timing, bus priority, route guidance on delayed corridors · measure first: >30% of residents have no test",Medium
Rugengabari,26733.67134499787,0.0,26733.671344997867,0.0,0.0,12724.750815241012,0.0,,49.7820823244552,road_delay,"Traffic management: junction/signal re-timing, bus priority, route guidance on delayed corridors · measure first: >30% of residents have no test",Medium
Ngera,26895.444102815487,0.0,26895.444102815487,0.0,0.0,12669.468286672562,0.0,,49.73365617433414,road_delay,"Traffic management: junction/signal re-timing, bus priority, route guidance on delayed corridors · measure first: >30% of residents have no test",Medium
Muyongwe,17276.99238001899,0.0,17276.99238001899,0.0,0.0,12463.7310972055,0.0,,49.68523002421308,road_delay,"Traffic management: junction/signal re-timing, bus priority, route guidance on delayed corridors · measure first: >30% of residents have no test",Medium
Ruganda,20632.58475752627,0.0,20632.58475752627,0.0,0.0,12173.726481276517,0.0,,49.63680387409201,road_delay,"Traffic management: junction/signal re-timing, bus priority, route guidance on delayed corridors · measure first: >30% of residents have no test",Medium
Kigeyo,26579.1795164222,0.0,26579.17951642219,0.0,0.0,12163.65372686983,0.0,,49.58837772397094,road_delay,"Traffic management: junction/signal re-timing, bus priority, route guidance on delayed corridors · measure first: >30% of residents have no test",Medium
Ngoma (3),16645.920391142434,0.0,16530.930046772206,0.0,0.0,11387.474158155843,0.0,13.926,49.539951573849876,road_delay,"Traffic management: junction/signal re-timing, bus priority, route guidance on delayed corridors · measure first: >30% of residents have no test",Medium
Rwempasha,43689.6166306689,0.0,43689.6166306689,0.0,0.0,10916.803105430892,0.0,,49.49152542372882,road_delay,"Traffic management: junction/signal re-timing, bus priority, route guidance on delayed corridors · measure first: >30% of residents have no test",Medium
Bwisige,19227.937567071254,0.0,19050.350042741593,0.0,0.0,10748.634323425234,0.0,74.11642687913367,49.44309927360775,road_delay,"Traffic management: junction/signal re-timing, bus priority, route guidance on delayed corridors · measure first: >30% of residents have no test",Medium
Ndora,34495.68820325245,0.0,34495.68820325245,0.0,0.0,10048.930565425966,0.0,,49.39467312348668,road_delay,"Traffic management: junction/signal re-timing, bus priority, route guidance on delayed corridors · measure first: >30% of residents have no test",Medium
Ntyazo,37944.91061090738,0.0,37944.91061090737,0.0,0.0,9952.988445474615,0.0,,49.346246973365616,road_delay,"Traffic management: junction/signal re-timing, bus priority, route guidance on delayed corridors · measure first: >30% of residents have no test",Medium
Ruli,24699.52466564261,0.0,24699.524665642606,0.0,0.0,9148.554064086395,0.0,,49.29782082324455,road_delay,"Traffic management: junction/signal re-timing, bus priority, route guidance on delayed corridors · measure first: >30% of residents have no test",Medium
Mimuri,37288.009530673924,0.0,37288.009530673924,0.0,0.0,8999.742115135934,0.0,,49.24939467312349,road_delay,"Traffic management: junction/signal re-timing, bus priority, route guidance on delayed corridors · measure first: >30% of residents have no test",Medium
Ruvune,25725.002683039085,0.0,25725.00268303909,0.0,0.0,8265.618080450007,0.0,,49.200968523002416,road_delay,"Traffic management: junction/signal re-timing, bus priority, route guidance on delayed corridors · measure first: >30% of residents have no test",Medium
Butare,28961.391858371353,0.0,28703.0011243138,0.0,0.0,8065.756878021307,0.0,92.633,49.152542372881356,road_delay,"Traffic management: junction/signal re-timing, bus priority, route guidance on delayed corridors · measure first: >30% of residents have no test",Medium
Kaduha,24783.229226854266,0.0,24481.36511828471,0.0,0.0,7844.535489098413,0.0,83.239,49.10411622276029,road_delay,"Traffic management: junction/signal re-timing, bus priority, route guidance on delayed corridors · measure first: >30% of residents have no test",Medium
Ruharambuga,30931.6741238102,0.0,30931.6741238102,0.0,0.0,7494.643658644833,0.0,,49.05569007263922,road_delay,"Traffic management: junction/signal re-timing, bus priority, route guidance on delayed corridors · measure first: >30% of residents have no test",Medium
Ruhunde,22278.579242047985,0.0,22278.579242047985,0.0,0.0,7349.638662763202,0.0,,49.00726392251816,road_delay,"Traffic management: junction/signal re-timing, bus priority, route guidance on delayed corridors · measure first: >30% of residents have no test",Medium
Rwamiko,16758.324424623246,0.0,16758.324424623246,0.0,0.0,6079.2882719927275,0.0,,48.91041162227603,road_delay,"Traffic management: junction/signal re-timing, bus priority, route guidance on delayed corridors · measure first: >30% of residents have no test",Medium
Katabagemu,48921.61527425647,0.0,48921.615274256474,0.0,0.0,4586.9867468115,0.0,,48.619854721549636,road_delay,"Traffic management: junction/signal re-timing, bus priority, route guidance on delayed corridors · measure first: >30% of residents have no test",Medium
Remera (4),35206.24688265083,0.0,30758.508229345734,0.0,0.0,4016.6123612417414,0.0,34.32854385221506,48.52300242130751,road_delay,"Traffic management: junction/signal re-timing, bus priority, route guidance on delayed corridors · measure first: >30% of residents have no test",Medium
Karangazi,105315.37727847513,0.0,103584.99595885539,0.0,0.0,4013.752073016497,0.0,44.82039452526944,48.47457627118644,road_delay,"Traffic management: junction/signal re-timing, bus priority, route guidance on delayed corridors · measure first: >30% of residents have no test",Medium
Rukoma,43722.699258120614,0.0,43722.699258120614,0.0,0.0,3952.237132554543,0.0,,48.426150121065376,road_delay,"Traffic management: junction/signal re-timing, bus priority, route guidance on delayed corridors · measure first: >30% of residents have no test",Medium
Nyarubuye,24613.680741268457,0.0,24218.521517644214,0.0,0.0,3828.53323632259,0.0,43.18,48.28087167070218,road_delay,"Traffic management: junction/signal re-timing, bus priority, route guidance on delayed corridors · measure first: >30% of residents have no test",Medium
Cyabakamyi,24342.47276950891,0.0,24061.285387381053,0.0,0.0,3507.657806794,0.0,43.753,48.232445520581116,road_delay,"Traffic management: junction/signal re-timing, bus priority, route guidance on delayed corridors · measure first: >30% of residents have no test",Medium
Murundi (2),61310.46112551222,0.0,61310.46112551222,0.0,0.0,3465.5622521641444,0.0,,48.18401937046005,road_delay,"Traffic management: junction/signal re-timing, bus priority, route guidance on delayed corridors · measure first: >30% of residents have no test",Medium
Gashanda,20776.69788980237,0.0,19552.58144446416,0.0,0.0,3371.5408106579553,0.0,68.9491383166815,48.13559322033898,road_delay,"Traffic management: junction/signal re-timing, bus priority, route guidance on delayed corridors · measure first: >30% of residents have no test",Medium
Mahembe,21428.214792383722,0.0,21428.214792383722,0.0,0.0,3214.5695390172486,0.0,,48.087167070217916,road_delay,"Traffic management: junction/signal re-timing, bus priority, route guidance on delayed corridors · measure first: >30% of residents have no test",Medium
Rubona,33737.99991865204,0.0,33737.99991865204,0.0,0.0,2935.440906849295,0.0,,48.038740920096856,road_delay,"Traffic management: junction/signal re-timing, bus priority, route guidance on delayed corridors · measure first: >30% of residents have no test",Medium
Mugina,48414.21022682761,0.0,47978.09937107034,0.0,0.0,2760.9728549887545,0.0,15.923688856131621,47.99031476997579,road_delay,"Traffic management: junction/signal re-timing, bus priority, route guidance on delayed corridors · measure first: >30% of residents have no test",Medium
Kabare,41650.41593974141,0.0,40284.143594035544,0.0,0.0,2751.553315460003,0.0,67.72457652427315,47.94188861985472,road_delay,"Traffic management: junction/signal re-timing, bus priority, route guidance on delayed corridors · measure first: >30% of residents have no test",Medium
Mbazi (2),13970.708004007813,0.0,13639.017960718651,0.0,0.0,2519.001407789915,0.0,131.586,47.893462469733656,road_delay,"Traffic management: junction/signal re-timing, bus priority, route guidance on delayed corridors · measure first: >30% of residents have no test",Medium
Gatumba,27990.806870465618,0.0,27990.806870465618,0.0,0.0,2337.7966432678645,0.0,,47.84503631961259,road_delay,"Traffic management: junction/signal re-timing, bus priority, route guidance on delayed corridors · measure first: >30% of residents have no test",Medium
Kiyombe,18968.102190290174,0.0,18968.102190290174,0.0,0.0,1671.2095020840889,0.0,,47.699757869249396,road_delay,"Traffic management: junction/signal re-timing, bus priority, route guidance on delayed corridors · measure first: >30% of residents have no test",Medium
Remera (3),33002.77839865908,0.0,33002.77839865908,0.0,0.0,1654.1231038832111,0.0,,47.65133171912833,road_delay,"Traffic management: junction/signal re-timing, bus priority, route guidance on delayed corridors · measure first: >30% of residents have no test",Medium
Kiziguro,45833.82434322982,0.0,44498.02113730789,0.0,0.0,1156.2243971787009,0.0,96.024,47.5544794188862,road_delay,"Traffic management: junction/signal re-timing, bus priority, route guidance on delayed corridors · measure first: >30% of residents have no test",Medium
Nyagisozi (1),28683.970343722183,0.0,28683.970343722183,0.0,0.0,1152.18598448556,0.0,,47.506053268765136,road_delay,"Traffic management: junction/signal re-timing, bus priority, route guidance on delayed corridors · measure first: >30% of residents have no test",Medium
Kirimbi,26633.39276974821,0.0,26633.392769748207,0.0,0.0,770.6941581550501,0.0,,47.409200968523,road_delay,"Traffic management: junction/signal re-timing, bus priority, route guidance on delayed corridors · measure first: >30% of residents have no test",Medium
Nyange (1),27178.9848394315,0.0,27026.45350402217,0.0,0.0,764.666043415694,0.0,45.067,47.360774818401936,road_delay,"Traffic management: junction/signal re-timing, bus priority, route guidance on delayed corridors · measure first: >30% of residents have no test",Medium
Mushikiri,35321.47488745546,0.0,35321.47488745546,0.0,0.0,742.826631002488,0.0,,47.312348668280876,road_delay,"Traffic management: junction/signal re-timing, bus priority, route guidance on delayed corridors · measure first: >30% of residents have no test",Medium
Shyara,15760.08401540971,0.0,15502.156928310815,0.0,0.0,648.7687823235134,0.0,28.185,47.26392251815981,road_delay,"Traffic management: junction/signal re-timing, bus priority, route guidance on delayed corridors · measure first: >30% of residents have no test",Medium
Rusebeya,29233.238732238184,0.0,29233.23873223818,0.0,0.0,360.7909944281558,0.0,,47.167070217917676,road_delay,"Traffic management: junction/signal re-timing, bus priority, route guidance on delayed corridors · measure first: >30% of residents have no test",Medium
Kitabi,30614.389636565826,0.0,30614.38963656583,0.0,0.0,109.95267615381617,0.0,,46.92493946731235,road_delay,"Traffic management: junction/signal re-timing, bus priority, route guidance on delayed corridors · measure first: >30% of residents have no test",Medium
Karembo,18492.314988385348,0.0,17360.97377776268,0.0,0.0,92.485691355678,0.0,48.56886722096779,46.87651331719128,road_delay,"Traffic management: junction/signal re-timing, bus priority, route guidance on delayed corridors · measure first: >30% of residents have no test",Medium
Cyato,31547.769321415653,0.0,31547.769321415657,0.0,0.0,11.013900373600531,0.0,,46.779661016949156,road_delay,"Traffic management: junction/signal re-timing, bus priority, route guidance on delayed corridors · measure first: >30% of residents have no test",Medium
Rwimiyaga,86504.4124502762,0.0,85424.92157060884,0.0,0.0,9.835142434058424,0.0,12.96,46.73123486682809,road_delay,"Traffic management: junction/signal re-timing, bus priority, route guidance on delayed corridors · measure first: >30% of residents have no test",Medium
Mutuntu,28751.838144290017,0.0,28751.838144290017,0.0,0.0,4.3051442286748145,0.0,,46.68280871670702,road_delay,"Traffic management: junction/signal re-timing, bus priority, route guidance on delayed corridors · measure first: >30% of residents have no test",Medium
Mwiri,40342.72254908172,0.0,40329.11366985738,0.0,0.0,0.058898487593997254,0.0,24.848,46.634382566585955,road_delay,"Traffic management: junction/signal re-timing, bus priority, route guidance on delayed corridors · measure first: >30% of residents have no test",Medium
Sake,35013.21001437596,0.0,33857.88340681725,0.0,0.0,0.0,0.0,36.60560481412287,39.61259079903148,slow_pop,Add radio capacity / new sites where many residents are below the broadband threshold · measure first: >30% of residents have no test,Medium
Juru,42539.81421132397,0.0,42539.81421132396,0.0,0.0,0.0,0.0,,39.61259079903148,slow_pop,Add radio capacity / new sites where many residents are below the broadband threshold · measure first: >30% of residents have no test,Medium
Rwezamenyo,20213.62111598613,0.0,5868.314488212635,0.0,0.0,0.0,0.0,31.250672697998034,39.61259079903148,slow_pop,Add radio capacity / new sites where many residents are below the broadband threshold,Medium
Jomba,22846.094824495165,0.0,21872.48812949541,0.0,0.0,0.0,0.0,15.603,39.61259079903148,slow_pop,Add radio capacity / new sites where many residents are below the broadband threshold · measure first: >30% of residents have no test,Medium
Giheke,23185.354167305093,0.0,22856.322356684388,0.0,0.0,0.0,0.0,12.789632781466121,39.61259079903148,slow_pop,Add radio capacity / new sites where many residents are below the broadband threshold · measure first: >30% of residents have no test,Low
Gashonga,28947.255927056096,0.0,28674.632914843638,0.0,0.0,0.0,0.0,13.894,39.61259079903148,slow_pop,Add radio capacity / new sites where many residents are below the broadband threshold · measure first: >30% of residents have no test,Low
Bweyeye,19359.290095161992,0.0,19359.290095161996,0.0,0.0,0.0,0.0,,39.61259079903148,slow_pop,Add radio capacity / new sites where many residents are below the broadband threshold · measure first: >30% of residents have no test,Low
Bugarama,45682.392638451835,0.0,44830.89726901518,0.0,0.0,0.0,0.0,42.781,39.61259079903148,slow_pop,Add radio capacity / new sites where many residents are below the broadband threshold · measure first: >30% of residents have no test,Low
Sovu,35710.63513746549,0.0,35710.63513746549,0.0,0.0,0.0,0.0,,39.61259079903148,slow_pop,Add radio capacity / new sites where many residents are below the broadband threshold · measure first: >30% of residents have no test,Low
Ndaro,27766.10449975998,0.0,27766.10449975998,0.0,0.0,0.0,0.0,,39.61259079903148,slow_pop,Add radio capacity / new sites where many residents are below the broadband threshold · measure first: >30% of residents have no test,Low
Muhororo,24515.980177002693,0.0,24515.980177002693,0.0,0.0,0.0,0.0,,39.61259079903148,slow_pop,Add radio capacity / new sites where many residents are below the broadband threshold · measure first: >30% of residents have no test,Low
Muhanda,34686.849920102104,0.0,34686.849920102104,0.0,0.0,0.0,0.0,,39.61259079903148,slow_pop,Add radio capacity / new sites where many residents are below the broadband threshold · measure first: >30% of residents have no test,Low
Ruhango (2),33329.516823900834,0.0,33329.51682390084,0.0,0.0,0.0,0.0,,39.61259079903148,slow_pop,Add radio capacity / new sites where many residents are below the broadband threshold · measure first: >30% of residents have no test,Low
Mushonyi,28042.66754358,0.0,28042.66754358,0.0,0.0,0.0,0.0,,39.61259079903148,slow_pop,Add radio capacity / new sites where many residents are below the broadband threshold · measure first: >30% of residents have no test,Low
Hindiro,29320.197960140988,0.0,28789.549303768654,0.0,0.0,0.0,0.0,23.499,39.61259079903148,slow_pop,Add radio capacity / new sites where many residents are below the broadband threshold · measure first: >30% of residents have no test,Low
Bwira,20170.777223260204,0.0,20170.777223260204,0.0,0.0,0.0,0.0,,39.61259079903148,slow_pop,Add radio capacity / new sites where many residents are below the broadband threshold · measure first: >30% of residents have no test,Low
Rugera,30802.629796379413,0.0,30568.293093623517,0.0,0.0,0.0,0.0,12.984,39.61259079903148,slow_pop,Add radio capacity / new sites where many residents are below the broadband threshold · measure first: >30% of residents have no test,Low
Gatenga,69841.37170585689,0.0,40182.14569933133,0.0,0.0,0.0,0.0,25.794207548116212,39.61259079903148,slow_pop,Add radio capacity / new sites where many residents are below the broadband threshold · measure first: >30% of residents have no test,Low
Gatsata,38082.270579934186,0.0,23954.809342188568,0.0,0.0,0.0,0.0,19.21759861908455,39.61259079903148,slow_pop,Add radio capacity / new sites where many residents are below the broadband threshold · measure first: >30% of residents have no test,Low
Muringa,27785.96975239442,0.0,27785.969752394423,0.0,0.0,0.0,0.0,,39.61259079903148,slow_pop,Add radio capacity / new sites where many residents are below the broadband threshold · measure first: >30% of residents have no test,Low
Mukamira,34033.877388089924,0.0,31493.470590289708,0.0,0.0,0.0,0.0,26.221176780533487,39.61259079903148,slow_pop,Add radio capacity / new sites where many residents are below the broadband threshold · measure first: >30% of residents have no test,Low
Kabatwa,23430.121072879574,0.0,23430.121072879574,0.0,0.0,0.0,0.0,,39.61259079903148,slow_pop,Add radio capacity / new sites where many residents are below the broadband threshold · measure first: >30% of residents have no test,Low
Kintobo,17942.969548458805,0.0,17942.96954845881,0.0,0.0,0.0,0.0,,39.61259079903148,slow_pop,Add radio capacity / new sites where many residents are below the broadband threshold · measure first: >30% of residents have no test,Low
Kavumu,36464.69633524395,0.0,36464.69633524396,0.0,0.0,0.0,0.0,,39.61259079903148,slow_pop,Add radio capacity / new sites where many residents are below the broadband threshold · measure first: >30% of residents have no test,Low
Kageyo (1),27006.210985217138,0.0,27006.210985217134,0.0,0.0,0.0,0.0,,39.61259079903148,slow_pop,Add radio capacity / new sites where many residents are below the broadband threshold · measure first: >30% of residents have no test,Low
Nzahaha,34139.262527023064,0.0,34139.262527023064,0.0,0.0,0.0,0.0,,39.61259079903148,slow_pop,Add radio capacity / new sites where many residents are below the broadband threshold · measure first: >30% of residents have no test,Low
Matyazo,29608.733619769293,0.0,29608.733619769297,0.0,0.0,0.0,0.0,,39.61259079903148,slow_pop,Add radio capacity / new sites where many residents are below the broadband threshold · measure first: >30% of residents have no test,Low
Nyakabuye,36224.64566594569,0.0,36224.645665945696,0.0,0.0,0.0,0.0,,39.61259079903148,slow_pop,Add radio capacity / new sites where many residents are below the broadband threshold · measure first: >30% of residents have no test,Low
Nkanka,19129.261185079642,0.0,19129.26118507964,0.0,0.0,0.0,0.0,,39.61259079903148,slow_pop,Add radio capacity / new sites where many residents are below the broadband threshold · measure first: >30% of residents have no test,Low
Muganza (3),29957.063269208273,0.0,29957.063269208273,0.0,0.0,0.0,0.0,,39.61259079903148,slow_pop,Add radio capacity / new sites where many residents are below the broadband threshold · measure first: >30% of residents have no test,Low
Gitambi,30115.675805882118,0.0,30115.67580588212,0.0,0.0,0.0,0.0,,39.61259079903148,slow_pop,Add radio capacity / new sites where many residents are below the broadband threshold · measure first: >30% of residents have no test,Low
Gikundamvura,21265.224677590246,0.0,21265.22467759025,0.0,0.0,0.0,0.0,,39.61259079903148,slow_pop,Add radio capacity / new sites where many residents are below the broadband threshold · measure first: >30% of residents have no test,Low
Cyinzuzi,17851.714983718895,0.0,17851.714983718895,0.0,0.0,0.0,0.0,,39.61259079903148,slow_pop,Add radio capacity / new sites where many residents are below the broadband threshold · measure first: >30% of residents have no test,Low
Buyoga,25748.357317810074,0.0,25748.35731781007,0.0,0.0,0.0,0.0,,39.61259079903148,slow_pop,Add radio capacity / new sites where many residents are below the broadband threshold · measure first: >30% of residents have no test,Low
Nyakarenzo,20827.444647959128,0.0,19491.23581386207,0.0,0.0,0.0,0.0,16.590737292009376,39.61259079903148,slow_pop,Add radio capacity / new sites where many residents are below the broadband threshold · measure first: >30% of residents have no test,Low
Bushoki,25271.139132219618,0.0,24648.282937093973,0.0,0.0,0.0,0.0,23.997,39.61259079903148,slow_pop,Add radio capacity / new sites where many residents are below the broadband threshold · measure first: >30% of residents have no test,Low
Burega,15028.244182390017,0.0,15028.244182390017,0.0,0.0,0.0,0.0,,39.61259079903148,slow_pop,Add radio capacity / new sites where many residents are below the broadband threshold · measure first: >30% of residents have no test,Low
Shangi,31191.926426164166,0.0,31191.92642616417,0.0,0.0,0.0,0.0,,39.61259079903148,slow_pop,Add radio capacity / new sites where many residents are below the broadband threshold · measure first: >30% of residents have no test,Low
Base,21840.816050141508,0.0,21840.816050141508,0.0,0.0,0.0,0.0,,39.61259079903148,slow_pop,Add radio capacity / new sites where many residents are below the broadband threshold · measure first: >30% of residents have no test,Low
Nyabitekeri,28914.82191418587,0.0,28914.82191418587,0.0,0.0,0.0,0.0,,39.61259079903148,slow_pop,Add radio capacity / new sites where many residents are below the broadband threshold · measure first: >30% of residents have no test,Low
Macuba,34004.18494513552,0.0,34004.184945135516,0.0,0.0,0.0,0.0,,39.61259079903148,slow_pop,Add radio capacity / new sites where many residents are below the broadband threshold · measure first: >30% of residents have no test,Low
Rubengera,43116.618173599316,0.0,40613.769148173815,0.0,0.0,0.0,0.0,95.77389146588015,39.61259079903148,slow_pop,Add radio capacity / new sites where many residents are below the broadband threshold · measure first: >30% of residents have no test,Low
Murundi (1),29387.410937473516,0.0,29387.410937473516,0.0,0.0,0.0,0.0,,39.61259079903148,slow_pop,Add radio capacity / new sites where many residents are below the broadband threshold · measure first: >30% of residents have no test,Low
Murambi (1),23627.319308030397,0.0,23627.3193080304,0.0,0.0,0.0,0.0,,39.61259079903148,slow_pop,Add radio capacity / new sites where many residents are below the broadband threshold · measure first: >30% of residents have no test,Low
Rubavu,77115.99434425628,0.0,74151.74782320923,0.0,0.0,0.0,0.0,16.222,39.61259079903148,slow_pop,Add radio capacity / new sites where many residents are below the broadband threshold · measure first: >30% of residents have no test,Low
Nyundo,57912.875588665156,0.0,55950.88793870921,0.0,0.0,0.0,0.0,170.916,39.61259079903148,slow_pop,Add radio capacity / new sites where many residents are below the broadband threshold · measure first: >30% of residents have no test,Low
Nyakiriba,60126.066325584776,0.0,60126.06632558478,0.0,0.0,0.0,0.0,,39.61259079903148,slow_pop,Add radio capacity / new sites where many residents are below the broadband threshold · measure first: >30% of residents have no test,Low
Kanzenze,24549.075161639154,0.0,24549.075161639154,0.0,0.0,0.0,0.0,,39.61259079903148,slow_pop,Add radio capacity / new sites where many residents are below the broadband threshold · measure first: >30% of residents have no test,Low
Kanama,42197.37104210456,0.0,36996.76409676928,0.0,0.0,0.0,0.0,19.334,39.61259079903148,slow_pop,Add radio capacity / new sites where many residents are below the broadband threshold · measure first: >30% of residents have no test,Low
Busasamana (2),46044.25765093713,0.0,45197.80828478823,0.0,0.0,0.0,0.0,63.616,39.61259079903148,slow_pop,Add radio capacity / new sites where many residents are below the broadband threshold · measure first: >30% of residents have no test,Low
Bugeshi,36700.305314411766,0.0,35451.454087933,0.0,0.0,0.0,0.0,13.825328466687404,39.61259079903148,slow_pop,Add radio capacity / new sites where many residents are below the broadband threshold · measure first: >30% of residents have no test,Low
Karengera,32815.593786838006,0.0,32815.593786838006,0.0,0.0,0.0,0.0,,39.61259079903148,slow_pop,Add radio capacity / new sites where many residents are below the broadband threshold · measure first: >30% of residents have no test,Low
Karambi,31895.528191747366,0.0,31895.528191747362,0.0,0.0,0.0,0.0,,39.61259079903148,slow_pop,Add radio capacity / new sites where many residents are below the broadband threshold · measure first: >30% of residents have no test,Low
Cyabingo,20470.934074619505,0.0,20470.934074619505,0.0,0.0,0.0,0.0,,39.61259079903148,slow_pop,Add radio capacity / new sites where many residents are below the broadband threshold · measure first: >30% of residents have no test,Low
Coko,20175.188076709514,0.0,20175.18807670951,0.0,0.0,0.0,0.0,,39.61259079903148,slow_pop,Add radio capacity / new sites where many residents are below the broadband threshold · measure first: >30% of residents have no test,Low
Busengo,21893.83054462819,0.0,21893.83054462819,0.0,0.0,0.0,0.0,,39.61259079903148,slow_pop,Add radio capacity / new sites where many residents are below the broadband threshold · measure first: >30% of residents have no test,Low
Tumba (2),22177.375823502836,0.0,22177.375823502844,0.0,0.0,0.0,0.0,,39.61259079903148,slow_pop,Add radio capacity / new sites where many residents are below the broadband threshold · measure first: >30% of residents have no test,Low
Rusiga,13739.505541597991,0.0,13739.50554159799,0.0,0.0,0.0,0.0,,39.61259079903148,slow_pop,Add radio capacity / new sites where many residents are below the broadband threshold · measure first: >30% of residents have no test,Low
Rukozo,18219.38513678244,0.0,18219.385136782443,0.0,0.0,0.0,0.0,,39.61259079903148,slow_pop,Add radio capacity / new sites where many residents are below the broadband threshold · measure first: >30% of residents have no test,Low
Murambi (2),29459.48790583943,0.0,29459.48790583943,0.0,0.0,0.0,0.0,,39.61259079903148,slow_pop,Add radio capacity / new sites where many residents are below the broadband threshold · measure first: >30% of residents have no test,Low
Mbogo,21454.880297179174,0.0,21454.880297179174,0.0,0.0,0.0,0.0,,39.61259079903148,slow_pop,Add radio capacity / new sites where many residents are below the broadband threshold · measure first: >30% of residents have no test,Low
Masoro,30532.627957962595,0.0,30532.627957962595,0.0,0.0,0.0,0.0,,39.61259079903148,slow_pop,Add radio capacity / new sites where many residents are below the broadband threshold · measure first: >30% of residents have no test,Low
Kisaro,25432.90559864993,0.0,25432.90559864993,0.0,0.0,0.0,0.0,,39.61259079903148,slow_pop,Add radio capacity / new sites where many residents are below the broadband threshold · measure first: >30% of residents have no test,Low
Kinihira (2),19894.850011636125,0.0,19894.85001163612,0.0,0.0,0.0,0.0,,39.61259079903148,slow_pop,Add radio capacity / new sites where many residents are below the broadband threshold · measure first: >30% of residents have no test,Low
Cyungo,15017.567083384143,0.0,15017.567083384143,0.0,0.0,0.0,0.0,,39.61259079903148,slow_pop,Add radio capacity / new sites where many residents are below the broadband threshold · measure first: >30% of residents have no test,Low
Muzo,24115.22104059311,0.0,24115.22104059311,0.0,0.0,0.0,0.0,,39.61259079903148,slow_pop,Add radio capacity / new sites where many residents are below the broadband threshold · measure first: >30% of residents have no test,Low
Muhondo,23927.905740897317,0.0,23927.905740897317,0.0,0.0,0.0,0.0,,39.61259079903148,slow_pop,Add radio capacity / new sites where many residents are below the broadband threshold · measure first: >30% of residents have no test,Low
Mugunga,21552.41604664448,0.0,21552.41604664448,0.0,0.0,0.0,0.0,,39.61259079903148,slow_pop,Add radio capacity / new sites where many residents are below the broadband threshold · measure first: >30% of residents have no test,Low
Minazi,15112.227153124128,0.0,15112.227153124128,0.0,0.0,0.0,0.0,,39.61259079903148,slow_pop,Add radio capacity / new sites where many residents are below the broadband threshold · measure first: >30% of residents have no test,Low
Kayumbu,17336.884868507692,0.0,17336.884868507692,0.0,0.0,0.0,0.0,,39.61259079903148,slow_pop,Add radio capacity / new sites where many residents are below the broadband threshold · measure first: >30% of residents have no test,Low
Kayenzi,26152.17975778537,0.0,26152.17975778537,0.0,0.0,0.0,0.0,,39.61259079903148,slow_pop,Add radio capacity / new sites where many residents are below the broadband threshold · measure first: >30% of residents have no test,Low
Karama (2),22981.726789332828,0.0,22981.726789332828,0.0,0.0,0.0,0.0,,39.61259079903148,slow_pop,Add radio capacity / new sites where many residents are below the broadband threshold · measure first: >30% of residents have no test,Low
Musasa,27542.45567499124,0.0,27542.45567499124,0.0,0.0,0.0,0.0,,39.61259079903148,slow_pop,Add radio capacity / new sites where many residents are below the broadband threshold · measure first: >30% of residents have no test,Low
Mukura (2),43725.33978230784,0.0,43322.89974659489,0.0,0.0,0.0,0.0,43.102,39.61259079903148,slow_pop,Add radio capacity / new sites where many residents are below the broadband threshold · measure first: >30% of residents have no test,Low
Manihira,22297.77951160469,0.0,22297.77951160469,0.0,0.0,0.0,0.0,,39.61259079903148,slow_pop,Add radio capacity / new sites where many residents are below the broadband threshold · measure first: >30% of residents have no test,Low
Kivumu,37007.35439711223,0.0,37007.35439711223,0.0,0.0,0.0,0.0,,39.61259079903148,slow_pop,Add radio capacity / new sites where many residents are below the broadband threshold · measure first: >30% of residents have no test,Low
Gihango,29198.74485788417,0.0,29198.74485788417,0.0,0.0,0.0,0.0,,39.61259079903148,slow_pop,Add radio capacity / new sites where many residents are below the broadband threshold · measure first: >30% of residents have no test,Low
Boneza,29868.925650083143,0.0,29868.925650083147,0.0,0.0,0.0,0.0,,39.61259079903148,slow_pop,Add radio capacity / new sites where many residents are below the broadband threshold · measure first: >30% of residents have no test,Low
Twumba,32228.466701847392,0.0,32228.46670184739,0.0,0.0,0.0,0.0,,39.61259079903148,slow_pop,Add radio capacity / new sites where many residents are below the broadband threshold · measure first: >30% of residents have no test,Low
Rwankuba,40543.141710841766,0.0,40543.141710841766,0.0,0.0,0.0,0.0,,39.61259079903148,slow_pop,Add radio capacity / new sites where many residents are below the broadband threshold · measure first: >30% of residents have no test,Low
Rugabano,36925.90782928179,0.0,36925.90782928178,0.0,0.0,0.0,0.0,,39.61259079903148,slow_pop,Add radio capacity / new sites where many residents are below the broadband threshold · measure first: >30% of residents have no test,Low
Rambura,33128.248432609565,0.0,32854.28283205376,0.0,0.0,0.0,0.0,27.887,39.61259079903148,slow_pop,Add radio capacity / new sites where many residents are below the broadband threshold · measure first: >30% of residents have no test,Low
Rutunga,25038.8584341689,0.0,25038.858434168902,0.0,0.0,0.0,0.0,,39.61259079903148,slow_pop,Add radio capacity / new sites where many residents are below the broadband threshold · measure first: >30% of residents have no test,Low
Kamubuga,24772.10072764661,0.0,24772.100727646608,0.0,0.0,0.0,0.0,,39.61259079903148,slow_pop,Add radio capacity / new sites where many residents are below the broadband threshold · measure first: >30% of residents have no test,Low
Karambo,14884.696421820949,0.0,14884.69642182095,0.0,0.0,0.0,0.0,,39.61259079903148,slow_pop,Add radio capacity / new sites where many residents are below the broadband threshold · measure first: >30% of residents have no test,Low
Janja,17344.755825355147,0.0,16953.53445558514,0.0,0.0,0.0,0.0,17.657855653595508,39.61259079903148,slow_pop,Add radio capacity / new sites where many residents are below the broadband threshold · measure first: >30% of residents have no test,Low
Gashenyi,23904.126643301173,0.0,23904.126643301173,0.0,0.0,0.0,0.0,,39.61259079903148,slow_pop,Add radio capacity / new sites where many residents are below the broadband threshold · measure first: >30% of residents have no test,Low
Shingiro,26726.889266184124,0.0,26726.889266184127,0.0,0.0,0.0,0.0,,39.61259079903148,slow_pop,Add radio capacity / new sites where many residents are below the broadband threshold · measure first: >30% of residents have no test,Low
Rwaza,25389.981624107848,0.0,25389.981624107844,0.0,0.0,0.0,0.0,,39.61259079903148,slow_pop,Add radio capacity / new sites where many residents are below the broadband threshold · measure first: >30% of residents have no test,Low
Butaro,43202.5002405428,0.0,43202.5002405428,0.0,0.0,0.0,0.0,,39.61259079903148,slow_pop,Add radio capacity / new sites where many residents are below the broadband threshold · measure first: >30% of residents have no test,Low
Bungwe,19382.563964490986,0.0,19382.563964490986,0.0,0.0,0.0,0.0,,39.61259079903148,slow_pop,Add radio capacity / new sites where many residents are below the broadband threshold · measure first: >30% of residents have no test,Low
Kinigi,40339.84602632796,0.0,37212.371582100364,0.0,0.0,0.0,0.0,41.11553344816824,39.61259079903148,slow_pop,Add radio capacity / new sites where many residents are below the broadband threshold · measure first: >30% of residents have no test,Low
Ntongwe,42056.6810219125,0.0,42056.6810219125,0.0,0.0,0.0,0.0,,39.61259079903148,slow_pop,Add radio capacity / new sites where many residents are below the broadband threshold · measure first: >30% of residents have no test,Low
Mwendo,28854.109227501824,0.0,28624.291264689822,0.0,0.0,0.0,0.0,25.304,39.61259079903148,slow_pop,Add radio capacity / new sites where many residents are below the broadband threshold · measure first: >30% of residents have no test,Low
Mubuga,24519.21826167167,0.0,24519.21826167167,0.0,0.0,0.0,0.0,,39.61259079903148,slow_pop,Add radio capacity / new sites where many residents are below the broadband threshold · measure first: >30% of residents have no test,Low
Gishyita,25774.64207867548,0.0,25774.642078675482,0.0,0.0,0.0,0.0,,39.61259079903148,slow_pop,Add radio capacity / new sites where many residents are below the broadband threshold · measure first: >30% of residents have no test,Low
Gashari,23880.500142115423,0.0,23880.500142115423,0.0,0.0,0.0,0.0,,39.61259079903148,slow_pop,Add radio capacity / new sites where many residents are below the broadband threshold · measure first: >30% of residents have no test,Low
Remera (2),20751.869668239426,0.0,20266.211177672478,0.0,0.0,0.0,0.0,32.709,39.61259079903148,slow_pop,Add radio capacity / new sites where many residents are below the broadband threshold · measure first: >30% of residents have no test,Low
Muko (1),30905.540034578702,0.0,29376.753916736903,0.0,0.0,0.0,0.0,34.16400586931709,39.61259079903148,slow_pop,Add radio capacity / new sites where many residents are below the broadband threshold · measure first: >30% of residents have no test,Low
Nyamiyaga (1),47870.06791161295,0.0,47870.06791161295,0.0,0.0,0.0,0.0,,39.61259079903148,slow_pop,Add radio capacity / new sites where many residents are below the broadband threshold · measure first: >30% of residents have no test,Low
Bukure,21267.820393189293,0.0,21267.820393189293,0.0,0.0,0.0,0.0,,39.61259079903148,slow_pop,Add radio capacity / new sites where many residents are below the broadband threshold · measure first: >30% of residents have no test,Low
Rwerere,23490.537790201095,0.0,23490.537790201095,0.0,0.0,0.0,0.0,,39.61259079903148,slow_pop,Add radio capacity / new sites where many residents are below the broadband threshold · measure first: >30% of residents have no test,Low
Rusarabuye,24120.445115947263,0.0,23807.86249617801,0.0,0.0,0.0,0.0,36.968,39.61259079903148,slow_pop,Add radio capacity / new sites where many residents are below the broadband threshold · measure first: >30% of residents have no test,Low
Nemba (2),23785.309724422837,0.0,23785.309724422837,0.0,0.0,0.0,0.0,,39.61259079903148,slow_pop,Add radio capacity / new sites where many residents are below the broadband threshold · measure first: >30% of residents have no test,Low
Kivuye,17770.169747077132,0.0,17770.169747077136,0.0,0.0,0.0,0.0,,39.61259079903148,slow_pop,Add radio capacity / new sites where many residents are below the broadband threshold · measure first: >30% of residents have no test,Low
Kinyababa,25705.704327011885,0.0,25705.70432701189,0.0,0.0,0.0,0.0,,39.61259079903148,slow_pop,Add radio capacity / new sites where many residents are below the broadband threshold · measure first: >30% of residents have no test,Low
Kagogo,28420.52014252544,0.0,28420.52014252544,0.0,0.0,0.0,0.0,,39.61259079903148,slow_pop,Add radio capacity / new sites where many residents are below the broadband threshold · measure first: >30% of residents have no test,Low
Gatebe,22948.441738705616,0.0,22948.44173870562,0.0,0.0,0.0,0.0,,39.61259079903148,slow_pop,Add radio capacity / new sites where many residents are below the broadband threshold · measure first: >30% of residents have no test,Low
Cyeru,19044.152266652534,0.0,19044.152266652538,0.0,0.0,0.0,0.0,,39.61259079903148,slow_pop,Add radio capacity / new sites where many residents are below the broadband threshold · measure first: >30% of residents have no test,Low
Cyanika (2),46707.59531086108,0.0,46056.2924145592,0.0,0.0,0.0,0.0,23.652,39.61259079903148,slow_pop,Add radio capacity / new sites where many residents are below the broadband threshold · measure first: >30% of residents have no test,Low
Rutare,30488.248954940915,0.0,30488.248954940922,0.0,0.0,0.0,0.0,,39.61259079903148,slow_pop,Add radio capacity / new sites where many residents are below the broadband threshold · measure first: >30% of residents have no test,Low
Rushaki,16133.21782429804,0.0,16133.21782429804,0.0,0.0,0.0,0.0,,39.61259079903148,slow_pop,Add radio capacity / new sites where many residents are below the broadband threshold · measure first: >30% of residents have no test,Low
Rubaya,12333.90376409635,0.0,12333.90376409635,0.0,0.0,0.0,0.0,,39.61259079903148,slow_pop,Add radio capacity / new sites where many residents are below the broadband threshold · measure first: >30% of residents have no test,Low
Bwishyura,42014.42551385163,0.0,40416.876588323445,0.0,0.0,0.0,0.0,48.42540344542034,39.61259079903148,slow_pop,Add radio capacity / new sites where many residents are below the broadband threshold · measure first: >30% of residents have no test,Low
Nyarubaka,32241.72585403389,0.0,32241.725854033888,0.0,0.0,0.0,0.0,,39.61259079903148,slow_pop,Add radio capacity / new sites where many residents are below the broadband threshold · measure first: >30% of residents have no test,Low
Mutete,29987.34026630441,0.0,29987.34026630441,0.0,0.0,0.0,0.0,,39.61259079903148,slow_pop,Add radio capacity / new sites where many residents are below the broadband threshold · measure first: >30% of residents have no test,Low
Muko (2),22239.541333847097,0.0,22239.5413338471,0.0,0.0,0.0,0.0,,39.61259079903148,slow_pop,Add radio capacity / new sites where many residents are below the broadband threshold · measure first: >30% of residents have no test,Low
Mukarange (1),19582.99725781607,0.0,19582.997257816074,0.0,0.0,0.0,0.0,,39.61259079903148,slow_pop,Add radio capacity / new sites where many residents are below the broadband threshold · measure first: >30% of residents have no test,Low
Miyove,20580.775570379323,0.0,20580.775570379326,0.0,0.0,0.0,0.0,,39.61259079903148,slow_pop,Add radio capacity / new sites where many residents are below the broadband threshold · measure first: >30% of residents have no test,Low
Manyagiro,24787.205921251465,0.0,24787.20592125146,0.0,0.0,0.0,0.0,,39.61259079903148,slow_pop,Add radio capacity / new sites where many residents are below the broadband threshold · measure first: >30% of residents have no test,Low
Kaniga,18646.09480316485,0.0,18646.094803164848,0.0,0.0,0.0,0.0,,39.61259079903148,slow_pop,Add radio capacity / new sites where many residents are below the broadband threshold · measure first: >30% of residents have no test,Low
Mugano,21731.519888584677,0.0,21731.519888584677,0.0,0.0,0.0,0.0,,39.61259079903148,slow_pop,Add radio capacity / new sites where many residents are below the broadband threshold · measure first: >30% of residents have no test,Low
Kibumbwe,14882.57320129949,0.0,14882.57320129949,0.0,0.0,0.0,0.0,,39.61259079903148,slow_pop,Add radio capacity / new sites where many residents are below the broadband threshold · measure first: >30% of residents have no test,Low
Shyogwe,54327.64278677191,0.0,46821.342144267874,0.0,0.0,0.0,0.0,20.514709394846104,39.61259079903148,slow_pop,Add radio capacity / new sites where many residents are below the broadband threshold · measure first: >30% of residents have no test,Low
Rongi,30573.21070681054,0.0,30257.000365898315,0.0,0.0,0.0,0.0,44.135,39.61259079903148,slow_pop,Add radio capacity / new sites where many residents are below the broadband threshold · measure first: >30% of residents have no test,Low
Nyarusange,29809.377583682424,0.0,29809.37758368242,0.0,0.0,0.0,0.0,,39.61259079903148,slow_pop,Add radio capacity / new sites where many residents are below the broadband threshold · measure first: >30% of residents have no test,Low
Nyabinoni,17203.714536055457,0.0,16809.737825672975,0.0,0.0,0.0,0.0,16.312,39.61259079903148,slow_pop,Add radio capacity / new sites where many residents are below the broadband threshold · measure first: >30% of residents have no test,Low
Mushishiro,22505.68154898507,0.0,22505.681548985067,0.0,0.0,0.0,0.0,,39.61259079903148,slow_pop,Add radio capacity / new sites where many residents are below the broadband threshold · measure first: >30% of residents have no test,Low
Kiyumba,25216.80094709026,0.0,25216.80094709026,0.0,0.0,0.0,0.0,,39.61259079903148,slow_pop,Add radio capacity / new sites where many residents are below the broadband threshold · measure first: >30% of residents have no test,Low
Kabacuzi,30542.456831964802,0.0,30542.456831964802,0.0,0.0,0.0,0.0,,39.61259079903148,slow_pop,Add radio capacity / new sites where many residents are below the broadband threshold · measure first: >30% of residents have no test,Low
Giti,18373.026228366052,0.0,18373.02622836605,0.0,0.0,0.0,0.0,,39.61259079903148,slow_pop,Add radio capacity / new sites where many residents are below the broadband threshold · measure first: >30% of residents have no test,Low
Cyumba,17364.806266593478,0.0,17364.806266593478,0.0,0.0,0.0,0.0,,39.61259079903148,slow_pop,Add radio capacity / new sites where many residents are below the broadband threshold · measure first: >30% of residents have no test,Low
Byumba,49738.09502031017,0.0,45763.19945313528,0.0,0.0,0.0,0.0,51.387611162626406,39.61259079903148,slow_pop,Add radio capacity / new sites where many residents are below the broadband threshold · measure first: >30% of residents have no test,Low
Munyiginya,23514.668401895655,0.0,22969.702830616927,0.0,0.0,0.0,0.0,88.914,39.61259079903148,slow_pop,Add radio capacity / new sites where many residents are below the broadband threshold · measure first: >30% of residents have no test,Low
Mukura (1),28392.42026436652,0.0,28392.420264366516,0.0,0.0,0.0,0.0,,39.61259079903148,slow_pop,Add radio capacity / new sites where many residents are below the broadband threshold · measure first: >30% of residents have no test,Low
Maraba,28874.138234984923,0.0,28874.13823498492,0.0,0.0,0.0,0.0,,39.61259079903148,slow_pop,Add radio capacity / new sites where many residents are below the broadband threshold · measure first: >30% of residents have no test,Low
Kinihira (1),28111.745305962268,0.0,28111.745305962264,0.0,0.0,0.0,0.0,,39.61259079903148,slow_pop,Add radio capacity / new sites where many residents are below the broadband threshold · measure first: >30% of residents have no test,Low
Kabagali,28113.285630913706,0.0,28113.285630913706,0.0,0.0,0.0,0.0,,39.61259079903148,slow_pop,Add radio capacity / new sites where many residents are below the broadband threshold · measure first: >30% of residents have no test,Low
Byimana,44877.28257016041,0.0,44877.28257016041,0.0,0.0,0.0,0.0,,39.61259079903148,slow_pop,Add radio capacity / new sites where many residents are below the broadband threshold · measure first: >30% of residents have no test,Low
Bweramana,35804.61377427229,0.0,35571.870449882816,0.0,0.0,0.0,0.0,11.321,39.61259079903148,slow_pop,Add radio capacity / new sites where many residents are below the broadband threshold · measure first: >30% of residents have no test,Low
Uwinkingi,28506.919322933183,0.0,28506.919322933183,0.0,0.0,0.0,0.0,,39.61259079903148,slow_pop,Add radio capacity / new sites where many residents are below the broadband threshold · measure first: >30% of residents have no test,Low
Tare,24923.101665463604,0.0,24923.101665463604,0.0,0.0,0.0,0.0,,39.61259079903148,slow_pop,Add radio capacity / new sites where many residents are below the broadband threshold · measure first: >30% of residents have no test,Low
Nkomane,19369.927525281513,0.0,19369.927525281513,0.0,0.0,0.0,0.0,,39.61259079903148,slow_pop,Add radio capacity / new sites where many residents are below the broadband threshold · measure first: >30% of residents have no test,Low
Mushubi,14618.373940026948,0.0,14618.373940026951,0.0,0.0,0.0,0.0,,39.61259079903148,slow_pop,Add radio capacity / new sites where many residents are below the broadband threshold · measure first: >30% of residents have no test,Low
Musebeya,22363.351257540024,0.0,22363.35125754002,0.0,0.0,0.0,0.0,,39.61259079903148,slow_pop,Add radio capacity / new sites where many residents are below the broadband threshold · measure first: >30% of residents have no test,Low
Nyankenke,28569.030131875104,0.0,28569.030131875104,0.0,0.0,0.0,0.0,,39.61259079903148,slow_pop,Add radio capacity / new sites where many residents are below the broadband threshold · measure first: >30% of residents have no test,Low
Nyamiyaga (2),22584.524578821816,0.0,22584.524578821813,0.0,0.0,0.0,0.0,,39.61259079903148,slow_pop,Add radio capacity / new sites where many residents are below the broadband threshold · measure first: >30% of residents have no test,Low
Shangasha,20123.152632862042,0.0,20123.152632862042,0.0,0.0,0.0,0.0,,39.61259079903148,slow_pop,Add radio capacity / new sites where many residents are below the broadband threshold · measure first: >30% of residents have no test,Low
Musange,21592.903687381677,0.0,21277.282619252004,0.0,0.0,0.0,0.0,95.485,39.61259079903148,slow_pop,Add radio capacity / new sites where many residents are below the broadband threshold · measure first: >30% of residents have no test,Low
Mukama,27147.89563282879,0.0,27147.895632828786,0.0,0.0,0.0,0.0,,39.61259079903148,slow_pop,Add radio capacity / new sites where many residents are below the broadband threshold · measure first: >30% of residents have no test,Low
Gasange,22815.972780475873,0.0,22815.972780475873,0.0,0.0,0.0,0.0,,39.61259079903148,slow_pop,Add radio capacity / new sites where many residents are below the broadband threshold · measure first: >30% of residents have no test,Low
Munini,21837.570352746516,0.0,21837.57035274652,0.0,0.0,0.0,0.0,,39.61259079903148,slow_pop,Add radio capacity / new sites where many residents are below the broadband threshold · measure first: >30% of residents have no test,Low
Muganza (2),22805.608775301986,0.0,22805.60877530199,0.0,0.0,0.0,0.0,,39.61259079903148,slow_pop,Add radio capacity / new sites where many residents are below the broadband threshold · measure first: >30% of residents have no test,Low
Kivu,22336.30979193418,0.0,22336.309791934185,0.0,0.0,0.0,0.0,,39.61259079903148,slow_pop,Add radio capacity / new sites where many residents are below the broadband threshold · measure first: >30% of residents have no test,Low
Matimba,29029.323316905957,0.0,29029.323316905957,0.0,0.0,0.0,0.0,,39.61259079903148,slow_pop,Add radio capacity / new sites where many residents are below the broadband threshold · measure first: >30% of residents have no test,Low
Gatare,20513.57280555321,0.0,20513.572805553213,0.0,0.0,0.0,0.0,,39.61259079903148,slow_pop,Add radio capacity / new sites where many residents are below the broadband threshold · measure first: >30% of residents have no test,Low
Gasaka,46282.87931353726,0.0,43960.91249518029,0.0,0.0,0.0,0.0,48.55212128080326,39.61259079903148,slow_pop,Add radio capacity / new sites where many residents are below the broadband threshold · measure first: >30% of residents have no test,Low
Cyanika (1),26426.025404828953,0.0,26038.508530243977,0.0,0.0,0.0,0.0,45.776549090086334,39.61259079903148,slow_pop,Add radio capacity / new sites where many residents are below the broadband threshold · measure first: >30% of residents have no test,Low
Buruhukiro,29097.3255453513,0.0,28707.209665980703,0.0,0.0,0.0,0.0,24.703,39.61259079903148,slow_pop,Add radio capacity / new sites where many residents are below the broadband threshold · measure first: >30% of residents have no test,Low
Simbi,26021.847088193073,0.0,26021.847088193073,0.0,0.0,0.0,0.0,,39.61259079903148,slow_pop,Add radio capacity / new sites where many residents are below the broadband threshold · measure first: >30% of residents have no test,Low
Rwaniro,24673.72650535951,0.0,24673.726505359515,0.0,0.0,0.0,0.0,,39.61259079903148,slow_pop,Add radio capacity / new sites where many residents are below the broadband threshold · measure first: >30% of residents have no test,Low
Rusatira,30084.633713827054,0.0,30084.633713827054,0.0,0.0,0.0,0.0,,39.61259079903148,slow_pop,Add radio capacity / new sites where many residents are below the broadband threshold · measure first: >30% of residents have no test,Low
Kamegeri,16235.11932341192,0.0,16235.11932341192,0.0,0.0,0.0,0.0,,39.61259079903148,slow_pop,Add radio capacity / new sites where many residents are below the broadband threshold · measure first: >30% of residents have no test,Low
Karama (3),37264.40766113785,0.0,37264.407661137855,0.0,0.0,0.0,0.0,,39.61259079903148,slow_pop,Add radio capacity / new sites where many residents are below the broadband threshold · measure first: >30% of residents have no test,Low
Gatunda,37893.86095040395,0.0,37893.86095040395,0.0,0.0,0.0,0.0,,39.61259079903148,slow_pop,Add radio capacity / new sites where many residents are below the broadband threshold · measure first: >30% of residents have no test,Low
Rugarama (2),51602.87194412302,0.0,50309.378763346074,0.0,0.0,0.0,0.0,21.70354683143727,39.61259079903148,slow_pop,Add radio capacity / new sites where many residents are below the broadband threshold · measure first: >30% of residents have no test,Low
Nyagihanga,32263.938358650557,0.0,32263.93835865056,0.0,0.0,0.0,0.0,,39.61259079903148,slow_pop,Add radio capacity / new sites where many residents are below the broadband threshold · measure first: >30% of residents have no test,Low
Murambi (3),41885.22260682282,0.0,41885.22260682282,0.0,0.0,0.0,0.0,,39.61259079903148,slow_pop,Add radio capacity / new sites where many residents are below the broadband threshold · measure first: >30% of residents have no test,Low
Kansi,24188.68908740862,0.0,24188.689087408624,0.0,0.0,0.0,0.0,,39.61259079903148,slow_pop,Add radio capacity / new sites where many residents are below the broadband threshold · measure first: >30% of residents have no test,Low
Gishubi,36588.954949568026,0.0,36588.954949568026,0.0,0.0,0.0,0.0,,39.61259079903148,slow_pop,Add radio capacity / new sites where many residents are below the broadband threshold · measure first: >30% of residents have no test,Low
Gikonko,31269.324628063023,0.0,31269.32462806302,0.0,0.0,0.0,0.0,,39.61259079903148,slow_pop,Add radio capacity / new sites where many residents are below the broadband threshold · measure first: >30% of residents have no test,Low
Kinazi (1),36690.360973563154,0.0,36690.36097356315,0.0,0.0,0.0,0.0,,39.61259079903148,slow_pop,Add radio capacity / new sites where many residents are below the broadband threshold · measure first: >30% of residents have no test,Low
Kigoma (2),28568.041232534568,0.0,28568.041232534568,0.0,0.0,0.0,0.0,,39.61259079903148,slow_pop,Add radio capacity / new sites where many residents are below the broadband threshold · measure first: >30% of residents have no test,Low
Karama (1),20377.20099554977,0.0,20225.93700485201,0.0,0.0,0.0,0.0,29.137,39.61259079903148,slow_pop,Add radio capacity / new sites where many residents are below the broadband threshold · measure first: >30% of residents have no test,Low
Huye,28696.753113664075,0.0,28696.753113664072,0.0,0.0,0.0,0.0,,39.61259079903148,slow_pop,Add radio capacity / new sites where many residents are below the broadband threshold · measure first: >30% of residents have no test,Low
Gishamvu,14251.107645047356,0.0,14251.107645047357,0.0,0.0,0.0,0.0,,39.61259079903148,slow_pop,Add radio capacity / new sites where many residents are below the broadband threshold · measure first: >30% of residents have no test,Low
Ruramba,19723.8272550583,0.0,19723.8272550583,0.0,0.0,0.0,0.0,,39.61259079903148,slow_pop,Add radio capacity / new sites where many residents are below the broadband threshold · measure first: >30% of residents have no test,Low
Nyagisozi (2),21200.748187416546,0.0,21200.748187416542,0.0,0.0,0.0,0.0,,39.61259079903148,slow_pop,Add radio capacity / new sites where many residents are below the broadband threshold · measure first: >30% of residents have no test,Low
Ruhashya,27022.47898589913,0.0,27022.478985899128,0.0,0.0,0.0,0.0,,39.61259079903148,slow_pop,Add radio capacity / new sites where many residents are below the broadband threshold · measure first: >30% of residents have no test,Low
Nyabimata,19659.05112436537,0.0,19372.2636712472,0.0,0.0,0.0,0.0,14.26,39.61259079903148,slow_pop,Add radio capacity / new sites where many residents are below the broadband threshold · measure first: >30% of residents have no test,Low
Ngoma (1),26153.177452635555,0.0,26153.177452635555,0.0,0.0,0.0,0.0,,39.61259079903148,slow_pop,Add radio capacity / new sites where many residents are below the broadband threshold · measure first: >30% of residents have no test,Low
Gatsibo,43075.42192803106,0.0,40632.48343849808,0.0,0.0,0.0,0.0,32.999819363534726,39.61259079903148,slow_pop,Add radio capacity / new sites where many residents are below the broadband threshold · measure first: >30% of residents have no test,Low
Kageyo (3),27673.16813321932,0.0,27673.16813321932,0.0,0.0,0.0,0.0,,39.61259079903148,slow_pop,Add radio capacity / new sites where many residents are below the broadband threshold · measure first: >30% of residents have no test,Low
Kirehe,31764.6853945172,0.0,29387.94691878104,0.0,0.0,0.0,0.0,53.95656198810214,39.61259079903148,slow_pop,Add radio capacity / new sites where many residents are below the broadband threshold · measure first: >30% of residents have no test,Low
Kigina,38356.07081831976,0.0,37463.25054221673,0.0,0.0,0.0,0.0,42.30334894820331,39.61259079903148,slow_pop,Add radio capacity / new sites where many residents are below the broadband threshold · measure first: >30% of residents have no test,Low
Ruramira,22437.527560192448,0.0,21254.772803842356,0.0,0.0,0.0,0.0,35.449280253826934,39.61259079903148,slow_pop,Add radio capacity / new sites where many residents are below the broadband threshold · measure first: >30% of residents have no test,Low
Mahama,78231.05473877596,0.0,78231.05473877597,0.0,0.0,0.0,0.0,,39.61259079903148,slow_pop,Add radio capacity / new sites where many residents are below the broadband threshold · measure first: >30% of residents have no test,Low
Ndego,27951.67706277949,0.0,27951.677062779494,0.0,0.0,0.0,0.0,,39.61259079903148,slow_pop,Add radio capacity / new sites where many residents are below the broadband threshold · measure first: >30% of residents have no test,Low
Cyahinda,26240.298752675728,0.0,26240.298752675728,0.0,0.0,0.0,0.0,,39.61259079903148,slow_pop,Add radio capacity / new sites where many residents are below the broadband threshold · measure first: >30% of residents have no test,Low
Busanze,30993.509707814366,0.0,30993.509707814366,0.0,0.0,0.0,0.0,,39.61259079903148,slow_pop,Add radio capacity / new sites where many residents are below the broadband threshold · measure first: >30% of residents have no test,Low
Save,30757.07166414796,0.0,30757.071664147952,0.0,0.0,0.0,0.0,,39.61259079903148,slow_pop,Add radio capacity / new sites where many residents are below the broadband threshold · measure first: >30% of residents have no test,Low
Nyanza,20458.679028842234,0.0,20458.679028842234,0.0,0.0,0.0,0.0,,39.61259079903148,slow_pop,Add radio capacity / new sites where many residents are below the broadband threshold · measure first: >30% of residents have no test,Low
Mukindo,35238.03759218464,0.0,34733.77138398325,0.0,0.0,0.0,0.0,11.954,39.61259079903148,slow_pop,Add radio capacity / new sites where many residents are below the broadband threshold · measure first: >30% of residents have no test,Low
Mugombwa,40545.47028167349,0.0,40545.47028167349,0.0,0.0,0.0,0.0,,39.61259079903148,slow_pop,Add radio capacity / new sites where many residents are below the broadband threshold · measure first: >30% of residents have no test,Low
Rukara,39707.179842302874,0.0,39707.17984230287,0.0,0.0,0.0,0.0,,39.61259079903148,slow_pop,Add radio capacity / new sites where many residents are below the broadband threshold · measure first: >30% of residents have no test,Low
Muganza (1),38710.02268787501,0.0,38710.02268787501,0.0,0.0,0.0,0.0,,39.61259079903148,slow_pop,Add radio capacity / new sites where many residents are below the broadband threshold · measure first: >30% of residents have no test,Low
Mamba,45995.64744957185,0.0,45737.84724363704,0.0,0.0,0.0,0.0,48.116,39.61259079903148,slow_pop,Add radio capacity / new sites where many residents are below the broadband threshold · measure first: >30% of residents have no test,Low
Nyamugari,42782.81108556124,0.0,42782.81108556124,0.0,0.0,0.0,0.0,,39.61259079903148,slow_pop,Add radio capacity / new sites where many residents are below the broadband threshold · measure first: >30% of residents have no test,Low
Kigembe,23024.924913306986,0.0,23024.924913306975,0.0,0.0,0.0,0.0,,39.61259079903148,slow_pop,Add radio capacity / new sites where many residents are below the broadband threshold · measure first: >30% of residents have no test,Low
Muyira,46596.44620053408,0.0,46596.446200534076,0.0,0.0,0.0,0.0,,39.61259079903148,slow_pop,Add radio capacity / new sites where many residents are below the broadband threshold · measure first: >30% of residents have no test,Low
Mukingo,50465.74649185271,0.0,50465.74649185272,0.0,0.0,0.0,0.0,,39.61259079903148,slow_pop,Add radio capacity / new sites where many residents are below the broadband threshold · measure first: >30% of residents have no test,Low
Kigoma (1),45604.77715953,0.0,45604.77715953,0.0,0.0,0.0,0.0,,39.61259079903148,slow_pop,Add radio capacity / new sites where many residents are below the broadband threshold · measure first: >30% of residents have no test,Low
Rwabicuma,24284.648399457572,0.0,23971.023400568673,0.0,0.0,0.0,0.0,53.063,39.61259079903148,slow_pop,Add radio capacity / new sites where many residents are below the broadband threshold · measure first: >30% of residents have no test,Low
Kibilizi,45873.12457131803,0.0,45873.124571318025,0.0,0.0,0.0,0.0,,39.61259079903148,slow_pop,Add radio capacity / new sites where many residents are below the broadband threshold · measure first: >30% of residents have no test,Low
Busoro,41148.30730168547,0.0,41148.30730168547,0.0,0.0,0.0,0.0,,39.61259079903148,slow_pop,Add radio capacity / new sites where many residents are below the broadband threshold · measure first: >30% of residents have no test,Low
Busasamana (1),52787.23484545483,0.0,52787.23484545483,0.0,0.0,0.0,0.0,,39.61259079903148,slow_pop,Add radio capacity / new sites where many residents are below the broadband threshold · measure first: >30% of residents have no test,Low
Nyarugenge (2),28110.917709322795,0.0,27048.697558527732,0.0,0.0,0.0,0.0,60.17646372011908,39.61259079903148,slow_pop,Add radio capacity / new sites where many residents are below the broadband threshold · measure first: >30% of residents have no test,Low
Nyakabanda,32247.348592988154,0.0,12029.560400217182,0.0,0.0,0.0,0.0,41.36966591559238,39.61259079903148,slow_pop,Add radio capacity / new sites where many residents are below the broadband threshold · measure first: >30% of residents have no test,Low
Muhima,24915.082517102062,0.0,3271.7110010217266,0.0,0.0,0.0,0.0,44.88056831523346,39.61259079903148,slow_pop,Add radio capacity / new sites where many residents are below the broadband threshold,Low
Kimisagara,54280.05568391086,0.0,28736.631423239516,0.0,0.0,0.0,0.0,35.909158849407525,39.61259079903148,slow_pop,Add radio capacity / new sites where many residents are below the broadband threshold · measure first: >30% of residents have no test,Low
Gitega,18692.445745803827,0.0,0.0,0.0,0.0,0.0,0.0,151.03516217318307,39.61259079903148,slow_pop,Add radio capacity / new sites where many residents are below the broadband threshold,Low
